,2007 Average Daily Attendance %,2011 Average Daily Attendance %,Trend: Average Daily Attendance %,2004 Students Enrolled in Gifted Programs %,2006 Students Enrolled in Gifted Programs %,2011 Students Enrolled in Gifted Programs %,2013 Students Enrolled in Gifted Programs %,Trend: Students Enrolled in Gifted Programs %,2018 Percentage of HS Drop Outs Age 16-24,2019 8th Grade Reading Scores,2007 Average Base Teacher Salary w/ Bachelors,2011 Average Base Teacher Salary w/ Bachelors,2017 Average Base Teacher Salary w/ Bachelors,Trend: Average Base Teacher Salary w/ Bachelors,2007 Average Base Teacher Salary w/ Masters Constant Dollars,2011 Average Base Teacher Salary w/ Masters Constant Dollars,2017 Average Base Teacher Salary w/ Masters Constant Dollars,Trend: Average Base Teacher Salary w/ Masters Constant Dollars,2005 Teacher Percentage of School Staff,2010 Teacher Percentage of School Staff,2015 Teacher Percentage of School Staff,2018 Teacher Percentage of School Staff,Trend: Teacher Percentage of School Staff,2018 Number of Education Agencies,2006 Average Freshman Graduation Rate,2007 Average Freshman Graduation Rate,2008 Average Freshman Graduation Rate,2009 Average Freshman Graduation Rate,2010 Average Freshman Graduation Rate,2011 Average Freshman Graduation Rate,2012 Average Freshman Graduation Rate,Trend: Average Freshman Graduation Rate,2005 4th Grade Reading Scores,2007 4th Grade Reading Scores,2009 4th Grade Reading Scores,2011 4th Grade Reading Scores,2013 4th Grade Reading Scores,2015 4th Grade Reading Scores,2017 4th Grade Reading Scores,2019 4th Grade Reading Scores,Trend: 4th Grade Reading Scores,2005 8th Grade Math Scores,2007 8th Grade Math Scores,2009 8th Grade Math Scores,2011 8th Grade Math Scores,2013 8th Grade Math Scores,2015 8th Grade Math Scores,2017 8th Grade Math Scores,2019 8th Grade Math Scores,Trend: 8th Grade Math Scores,2005 4th Grade Math Scores,2007 4th Grade Math Scores,2009 4th Grade Math Scores,2011 4th Grade Math Scores,2013 4th Grade Math Scores,2015 4th Grade Math Scores,2017 4th Grade Math Scores,2019 4th Grade Math Scores,Trend: 4th Grade Math Scores,1979 Overall Average Teacher Salary,1989 Overall Average Teacher Salary,1999 Overall Average Teacher Salary,2009 Overall Average Teacher Salary,2017 Overall Average Teacher Salary,2018 Overall Average Teacher Salary,Trend: Overall Average Teacher Salary,2000 % of Public Schools That Are Charters,2010 % of Public Schools That Are Charters,2016 % of Public Schools That Are Charters,2017 % of Public Schools That Are Charters,2018 % of Public Schools That Are Charters,Trend: % of Public Schools That Are Charters,2010 Adjusted Cohort Graduation Rate,2011 Adjusted Cohort Graduation Rate,2012 Adjusted Cohort Graduation Rate,2013 Adjusted Cohort Graduation Rate,2014 Adjusted Cohort Graduation Rate,2015 Adjusted Cohort Graduation Rate,2016 Adjusted Cohort Graduation Rate,2017 Adjusted Cohort Graduation Rate,Trend: Adjusted Cohort Graduation Rate
US,78.46153846153845,56.00000000000023,0.8000000000000114,39.33452168746286,34.046345811051694,34.732109404271256,36.005994754589736,-0.05078431372549017,58.490566037735846,39.99999999999986,46.30442119473508,42.27077126779213,36.93668786286977,-650.0,54.42666666666667,50.722074860005904,57.424765663542175,35.0,28.985507246376784,43.620178041543035,32.90441176470588,31.397459165154263,-0.9600000000000002,100.0,57.43440233236152,55.654761904761905,55.81395348837208,60.7142857142857,54.855643044619406,64.15662650602407,55.81395348837211,1.4392857142857136,65.00000000000003,58.97435897435894,56.25,52.77777777777777,57.692307692307665,50.0,48.27586206896548,48.387096774193594,0.27380952380952384,70.21276595744679,64.00000000000006,62.22222222222218,58.974358974359035,52.77777777777777,52.94117647058813,51.612903225806406,48.00000000000004,0.34523809523809523,72.22222222222223,65.78947368421053,60.60606060606055,58.0645161290323,50.0,44.99999999999993,50.0,50.0,0.2976190476190476,26.822989423268815,46.06772506194364,55.50894365786865,50.410958904109584,39.56873987286551,40.07441398983009,1365.7142857142858,11.538461538461538,12.470588235294116,14.401622718052737,14.717741935483868,15.0,1.2800000000000002,68.96551724137932,70.0,67.85714285714289,70.00000000000001,63.63636363636367,68.18181818181822,69.99999999999997,72.72727272727275,0.9166666666666666
AL,83.84615384615381,66.00000000000037,0.6000000000000085,30.303030303030305,31.16883116883116,52.86624203821656,51.59235668789809,1.3700000000000003,41.509433962264154,9.999999999999964,28.383395207559904,22.60840781198279,18.468343931434884,-1335.0,26.480000000000015,31.682876510462734,27.133695115934884,-865.0,44.927536231884055,49.258160237388715,46.69117647058821,43.73865698729582,0.31999999999999956,0.9564932225623086,37.60932944606412,38.69047619047619,39.53488372093024,41.66666666666667,45.66929133858266,46.9879518072289,25.968992248062015,1.417857142857143,42.499999999999986,48.71794871794872,43.75,52.77777777777777,50.0,35.714285714285765,31.03448275862064,25.80645161290329,0.35714285714285715,36.170212765957466,36.00000000000003,33.3333333333333,23.076923076923084,11.111111111111072,11.7647058823529,6.451612903225801,0.0,0.6309523809523809,38.88888888888893,39.47368421052637,27.27272727272725,29.032258064516103,16.666666666666607,0.0,15.000000000000036,0.0,0.7261904761904762,7.878666932747958,16.144351656419197,33.20223737108896,26.632746249184592,14.356225850679305,12.987721691678033,1371.3142857142857,0.0,0.0,0.2028397565922921,0.20161290322580644,0.2,0.030000000000000006,44.82758620689658,53.33333333333334,64.28571428571428,83.33333333333334,90.90909090909096,81.81818181818184,89.99999999999999,95.45454545454545,2.619047619047619
AK,53.846153846153925,6.000000000000227,1.5,25.0,22.07792207792208,29.29936305732484,29.299363057324847,0.30000000000000027,67.9245283018868,6.666666666666643,79.78400269996627,88.14961933134727,72.40807298866463,805.0,73.46666666666668,50.722074860005904,86.28515046867291,2315.0,2.898550724637694,29.08011869436202,26.83823529411764,24.863883847549918,0.2800000000000004,0.2896808045474421,43.1486880466472,38.98809523809521,47.383720930232556,52.678571428571416,50.3937007874016,57.530120481927696,48.06201550387597,2.0357142857142865,50.0,43.58974358974361,28.125,19.444444444444464,11.538461538461497,21.42857142857144,0.0,0.0,-0.9166666666666666,72.34042553191493,70.00000000000001,64.4444444444444,58.974358974359035,47.22222222222223,49.999999999999915,35.48387096774199,20.000000000000107,-0.8928571428571429,69.44444444444446,60.52631578947371,54.5454545454545,45.161290322580605,29.166666666666607,25.0,4.999999999999893,10.000000000000142,-0.7857142857142857,100.0,99.99999999999999,75.79677212608517,63.52772341813437,62.991399725788376,61.27495969242218,-3916.657142857143,20.32967032967033,12.470588235294116,11.156186612576064,11.491935483870968,11.0,0.4,31.034482758620683,36.66666666666669,35.71428571428572,33.33333333333335,31.818181818181834,31.818181818181834,35.00000000000001,45.45454545454546,1.5952380952380953
AZ,46.923076923076934,12.0000000000001,2.700000000000003,38.63636363636364,36.36363636363636,36.30573248407643,28.662420382165603,-0.38000000000000017,13.207547169811349,29.999999999999893,18.967262909213645,7.712677921218147,7.520044235554324,-1920.0,9.09333333333333,10.580607132331288,15.614208189442525,60.0,28.985507246376784,48.96142433234421,27.573529411764696,27.404718693284934,-2.0899999999999985,3.820507214691736,44.89795918367345,43.75,47.093023255813925,50.297619047619044,53.018372703412076,53.61445783132528,34.88372093023253,1.4392857142857145,40.000000000000036,33.3333333333333,25.0,30.555555555555536,26.923076923077005,28.57142857142856,27.58620689655169,38.70967741935489,1.2380952380952381,61.70212765957448,56.00000000000005,51.11111111111111,48.71794871794872,41.6666666666667,58.82352941176477,51.612903225806406,44.00000000000013,1.0833333333333333,52.77777777777777,47.36842105263159,33.3333333333333,41.9354838709677,45.83333333333339,34.999999999999964,25.0,40.000000000000036,1.130952380952381,20.860107762921576,37.07442415343672,34.13156208122121,24.743639921722107,9.662221114296399,10.71065360287733,-662.2857142857142,99.99999999999999,53.88235294117647,48.275862068965516,48.18548387096774,47.6,1.2200000000000004,65.51724137931036,56.666666666666664,46.428571428571445,50.0,36.363636363636374,50.00000000000004,35.00000000000001,45.45454545454546,0.39285714285714285
AR,68.4615384615384,62.0000000000001,2.4000000000000057,68.93939393939394,57.14285714285714,61.78343949044587,60.5095541401274,1.7763568394002506e-16,49.056603773584904,29.999999999999893,32.46709416132298,25.6206554121152,23.527785457561514,-1025.0,22.586666666666666,19.392867668729743,26.196349284657128,-325.0,12.318840579710155,36.20178041543027,31.433823529411764,34.11978221415608,1.0399999999999985,1.5959772627896809,58.892128279883394,60.71428571428572,51.45348837209303,51.19047619047616,48.031496062992105,56.02409638554213,48.83720930232553,0.8392857142857122,65.00000000000003,51.28205128205128,43.75,44.444444444444464,50.0,39.28571428571432,31.03448275862064,35.48387096774199,-0.13095238095238096,57.44680851063828,52.00000000000004,48.88888888888889,48.71794871794872,36.11111111111107,35.29411764705878,25.806451612903203,20.000000000000107,0.11904761904761904,69.44444444444446,63.157894736842124,57.57575757575752,51.612903225806406,45.83333333333339,19.99999999999993,25.0,15.000000000000036,-0.5714285714285714,2.923568150069855,4.813251353583558,18.807900716657922,23.97651663405087,14.293905023058716,13.506139154160968,2289.171428571429,1.6483516483516485,8.470588235294118,13.995943204868155,15.322580645161288,15.8,1.9200000000000004,75.86206896551727,83.33333333333333,82.14285714285717,86.66666666666667,72.72727272727275,81.81818181818184,85.00000000000001,90.90909090909096,0.9523809523809523
CA,79.23076923076921,40.00000000000021,-0.10000000000000853,57.57575757575757,49.35064935064935,51.59235668789809,47.77070063694268,-0.1900000000000003,71.69811320754718,29.999999999999893,100.00000000000003,100.0,100.0,2800.0,84.13333333333333,80.37135278514589,99.11198815984213,2915.0,36.59420289855071,41.24629080118696,25.91911764705882,24.13793103448275,-3.0900000000000007,6.312855268911237,48.10495626822158,45.238095238095255,42.73255813953487,60.7142857142857,55.11811023622049,66.86746987951808,62.40310077519378,2.4428571428571417,40.000000000000036,30.76923076923075,25.0,27.777777777777768,26.923076923077005,21.42857142857144,27.58620689655169,38.70967741935489,1.2380952380952381,51.06382978723403,44.00000000000004,35.555555555555515,33.33333333333339,30.555555555555536,35.29411764705878,35.48387096774199,28.000000000000114,1.2142857142857142,52.77777777777777,42.10526315789478,39.39393939393936,38.709677419354804,20.833333333333393,5.000000000000071,15.000000000000036,25.0,0.5357142857142857,40.16962682099381,76.41093879049279,81.10470197517915,89.53946510110895,90.97594416053848,91.05295795609575,4157.657142857143,18.681318681318682,21.176470588235293,24.543610547667342,24.798387096774192,26.0,2.25,58.62068965517242,66.66666666666667,64.28571428571428,66.6666666666667,59.09090909090913,63.63636363636367,60.00000000000001,63.63636363636367,0.9404761904761905
CO,84.61538461538467,40.00000000000021,-0.8000000000000114,44.696969696969695,39.6103896103896,40.76433121019109,47.13375796178344,0.27,60.37735849056604,56.66666666666664,23.860951738103275,21.714664018536922,19.601880011058892,-459.99999999999994,39.386666666666684,32.124963159445926,39.861864824864334,-705.0,21.376811594202906,37.38872403560831,27.205882352941167,27.223230490018146,-1.120000000000001,1.470266724967206,65.30612244897955,57.738095238095255,61.91860465116277,65.47619047619044,61.154855643044634,68.67469879518072,61.240310077519354,1.3678571428571427,82.50000000000001,69.23076923076925,75.0,61.11111111111107,80.76923076923083,60.714285714285765,62.06896551724137,67.741935483871,0.11904761904761904,76.59574468085104,75.99999999999997,73.33333333333334,82.05128205128212,69.44444444444446,67.64705882352943,64.51612903225801,64.00000000000006,0.27380952380952384,77.77777777777777,68.42105263157903,72.72727272727275,70.9677419354839,75.0,55.00000000000007,59.999999999999964,60.00000000000014,0.30952380952380953,28.353622031530644,43.28026062218958,39.62593952106275,31.606001304631448,19.78312351988034,19.166563313903005,-574.3142857142857,25.82417582417583,22.11764705882353,25.5578093306288,26.61290322580645,26.6,2.1,51.72413793103448,53.33333333333334,53.571428571428605,53.33333333333332,36.363636363636374,45.45454545454546,39.99999999999999,54.54545454545459,0.8928571428571429
CT,38.4615384615385,76.00000000000016,7.0,16.666666666666668,20.129870129870127,14.012738853503185,12.101910828025481,-0.38999999999999996,92.45283018867924,66.6666666666666,70.739115761053,67.89142667990733,68.86922864252143,1505.0,81.78666666666668,72.20748600058945,85.37247163295511,570.0,13.043478260869556,32.04747774480712,24.080882352941167,24.68239564428313,-0.8399999999999992,1.114997813729777,80.46647230320698,77.97619047619051,55.5232558139535,51.488095238095234,68.24146981627297,80.1204819277108,77.13178294573643,1.2107142857142859,87.5,76.92307692307692,84.375,72.22222222222223,92.30769230769234,78.57142857142864,72.41379310344823,64.51612903225809,-0.07142857142857142,76.59574468085104,67.99999999999997,77.77777777777777,69.23076923076925,55.555555555555536,61.764705882352985,58.06451612903221,67.99999999999997,0.3333333333333333,86.11111111111107,76.31578947368425,78.78787878787881,64.51612903225809,58.33333333333339,44.99999999999993,50.0,65.00000000000003,-0.32142857142857145,28.509279584913205,87.68238964852712,98.97453825088851,77.79256360078277,75.293531098093,76.62408532804167,2897.1428571428573,7.142857142857142,3.7647058823529416,3.8539553752535496,4.637096774193548,4.6,0.26999999999999996,82.7586206896552,86.66666666666669,85.71428571428572,86.66666666666667,81.81818181818184,81.81818181818184,85.00000000000001,86.36363636363637,0.6309523809523809
DE,53.076923076923066,48.00000000000004,3.700000000000003,28.787878787878785,31.818181818181813,12.101910828025478,12.738853503184714,-1.05,60.37735849056604,33.333333333333215,55.28180897738779,44.68718967229395,36.60492120541885,-2040.0,54.13333333333335,51.7241379310345,58.5841144548594,325.0,30.434782608695656,56.08308605341248,38.41911764705881,35.93466424682396,-0.4500000000000021,0.24595540008745082,51.60349854227404,47.91666666666665,50.58139534883719,52.678571428571416,45.66929133858266,53.012048192771054,36.821705426356566,0.9892857142857133,87.5,71.79487179487181,75.0,66.6666666666667,76.923076923077,60.714285714285765,48.27586206896548,45.1612903225807,-0.9642857142857143,76.59574468085104,70.00000000000001,66.6666666666667,58.974358974359035,47.22222222222223,49.999999999999915,38.709677419354804,32.00000000000003,-0.7857142857142857,80.55555555555554,73.68421052631584,60.60606060606055,58.0645161290323,58.33333333333339,40.000000000000036,34.999999999999964,45.00000000000011,-0.40476190476190477,27.982438635003003,55.26521060842434,66.96381751442055,55.62426614481409,42.92409323195814,41.508123527223105,1081.7714285714285,20.32967032967033,20.941176470588236,23.935091277890468,21.37096774193548,20.4,1.4699999999999998,65.51724137931036,70.0,64.28571428571428,86.66666666666667,77.2727272727273,77.2727272727273,80.00000000000003,81.81818181818184,1.369047619047619
DC,63.84615384615388,56.00000000000023,2.700000000000003,30.303030303030305,31.16883116883116,0.0,51.59235668789809,0.5400000000000001,90.56603773584906,0.0,92.03509956125548,42.27077126779213,36.93668786286977,-7425.0,54.42666666666667,50.722074860005904,57.424765663542175,35.0,3.6231884057970953,49.85163204747776,30.51470588235293,28.31215970961888,0.29000000000000126,0.3388718845649322,1.7492711370262093,0.0,17.73255813953487,6.25,16.2729658792651,34.036144578313255,39.53488372093021,3.6,0.0,0.0,0.0,0.0,0.0,17.857142857142883,20.68965517241379,32.258064516129096,3.2857142857142856,0.0,0.0,0.0,0.0,0.0,0.0,0.0,0.0,3.4523809523809526,0.0,0.0,0.0,0.0,0.0,0.0,9.999999999999964,25.0,3.5238095238095237,23.23617453367298,37.99615652446167,44.36921421251597,40.6878221608278,30.719915536948925,31.347938902709785,1119.9826330532212,91.75824175824175,100.0,99.99999999999999,100.0,100.0,7.370000000000001,0.0,0.0,0.0,0.0,0.0,0.0,10.000000000000009,0.0,2.011904761904762
FL,75.38461538461539,42.00000000000017,0.5,28.030303030303035,25.97402597402597,33.75796178343949,35.03184713375796,0.45999999999999996,39.62264150943396,43.33333333333318,38.17077286533919,42.27077126779213,24.025435443737898,-1779.9999999999998,54.42666666666667,50.722074860005904,23.655648741983228,-6810.0,26.449275362318847,51.63204747774481,39.15441176470586,32.30490018148819,-0.5300000000000018,0.4153913423699169,31.4868804664723,32.44047619047621,36.627906976744185,38.69047619047616,34.908136482939625,45.7831325301205,32.17054263565888,1.8249999999999993,70.00000000000001,69.23076923076925,75.0,66.6666666666667,80.76923076923083,71.42857142857136,72.41379310344823,67.741935483871,0.7976190476190477,61.70212765957448,58.00000000000001,55.555555555555536,46.15384615384617,44.444444444444464,35.29411764705878,41.93548387096779,40.000000000000036,0.42857142857142855,77.77777777777777,73.68421052631584,69.69696969696972,58.0645161290323,54.16666666666661,59.999999999999964,84.99999999999997,80.00000000000007,0.8809523809523809,14.967072440630613,34.332843901991374,33.347899551360484,24.0,8.248784743861414,6.9973955103559415,-400.9142857142857,24.725274725274726,26.11764705882353,31.845841784989855,30.443548387096776,31.4,2.64,41.37931034482758,53.33333333333334,50.0,50.0,40.90909090909092,54.54545454545459,55.00000000000003,77.2727272727273,1.869047619047619
GA,79.99999999999999,64.00000000000006,1.0,61.363636363636374,55.84415584415585,65.60509554140128,80.2547770700637,1.31,39.62264150943396,39.99999999999986,38.17077286533919,28.07017543859649,22.587779928117225,-2040.0,33.28,33.480695549661064,37.24716329551061,-90.0,22.826086956521728,42.136498516320486,34.742647058823515,34.48275862068966,0.20999999999999944,1.2625710537822474,28.86297376093292,27.97619047619049,33.43023255813953,36.011904761904766,28.608923884514414,30.42168674698791,11.627906976744162,1.0499999999999996,57.500000000000014,56.41025641025639,50.0,55.555555555555536,61.5384615384615,53.571428571428555,44.82758620689653,45.1612903225807,0.5476190476190477,57.44680851063828,54.0,53.33333333333332,46.15384615384617,38.88888888888893,47.05882352941168,48.387096774193594,40.000000000000036,0.9880952380952381,63.88888888888893,55.263157894736906,51.51515151515147,51.612903225806406,45.83333333333339,25.0,34.999999999999964,40.000000000000036,0.4166666666666667,13.04130911993614,30.68734514086445,52.09170890869894,43.52772341813438,29.01408450704226,28.681632146843604,1866.0,8.241758241758241,6.352941176470589,7.505070993914807,8.064516129032258,7.400000000000001,0.5700000000000001,27.586206896551737,36.66666666666669,35.71428571428572,39.99999999999999,45.45454545454546,45.45454545454546,49.99999999999996,59.09090909090913,2.2261904761904763
HI,60.00000000000006,56.00000000000023,3.200000000000003,37.121212121212125,35.71428571428571,8.280254777070063,17.197452229299365,-1.2900000000000003,90.56603773584906,26.666666666666572,53.29058386770167,42.27077126779213,41.609068288637,-840.0,54.42666666666667,50.722074860005904,44.03058707449434,-2680.0,36.231884057971,51.03857566765579,37.683823529411754,38.656987295825765,-0.35,0.0,61.80758017492713,59.52380952380953,55.23255813953487,52.380952380952394,39.370078740157474,55.42168674698795,40.697674418604635,0.3571428571428571,47.499999999999964,41.02564102564106,28.125,36.11111111111107,34.61538461538467,28.57142857142856,31.03448275862064,45.1612903225807,1.0,44.68085106382978,41.99999999999999,44.444444444444464,46.15384615384617,44.444444444444464,47.05882352941168,35.48387096774199,24.00000000000002,1.4404761904761905,52.77777777777777,52.631578947368496,51.51515151515147,54.8387096774193,58.33333333333339,34.999999999999964,44.99999999999993,45.00000000000011,1.1071428571428572,52.54041109558971,49.17867302927411,50.151488667482354,49.47423352902804,32.925339648510544,35.18045392533795,-1059.5142857142857,12.637362637362637,25.176470588235293,23.732251521298174,24.798387096774192,24.6,2.16,72.41379310344831,73.33333333333336,71.42857142857144,70.00000000000001,59.09090909090913,63.63636363636367,60.00000000000001,72.72727272727275,0.5714285714285714
ID,73.07692307692308,60.00000000000014,1.6999999999999886,23.484848484848484,22.727272727272727,18.471337579617835,21.019108280254777,-0.20999999999999996,52.8301886792453,53.33333333333332,31.015862301721242,14.035087719298245,16.837157865634488,-2019.9999999999998,19.09333333333334,0.0,29.42772570300938,985.0,45.289855072463745,62.61127596439169,47.97794117647057,47.186932849364794,0.48000000000000115,0.879973764757324,76.38483965014579,71.72619047619047,70.63953488372093,77.97619047619044,64.30446194225723,73.49397590361446,56.58914728682167,0.5464285714285713,77.50000000000003,66.6666666666667,59.375,55.555555555555536,50.0,53.571428571428555,55.17241379310338,61.290322580645196,0.09523809523809523,76.59574468085104,71.99999999999997,73.33333333333334,69.23076923076925,58.3333333333333,61.764705882352985,58.06451612903221,67.99999999999997,0.2976190476190476,86.11111111111107,71.05263157894743,66.6666666666667,58.0645161290323,50.0,40.000000000000036,54.99999999999989,60.00000000000014,-0.11904761904761904,11.464777489523048,11.718821694044223,28.226417293014027,22.70319634703195,10.938551663966113,12.856256976311542,1160.6285714285714,7.142857142857142,12.470588235294116,15.618661257606492,16.129032258064516,16.8,1.6900000000000004,68.96551724137932,70.0,67.85714285714289,53.33333333333332,45.45454545454546,50.00000000000004,44.99999999999997,54.54545454545459,0.15476190476190477
IL,85.38461538461534,60.00000000000014,0.09999999999999432,34.84848484848485,33.11688311688311,21.656050955414013,41.401273885350314,0.18999999999999986,75.47169811320754,50.0,42.62571717853527,39.72194637537241,34.61432126071329,-525.0,74.72000000000001,68.5823754789272,78.86038480513074,575.0,35.86956521739131,78.04154302670622,33.823529411764696,35.57168784029039,-1.9500000000000006,5.766287713161346,73.7609329446064,72.61904761904762,62.2093023255814,71.72619047619048,55.905511811023636,68.07228915662648,58.91472868217056,0.5464285714285708,62.5,56.41025641025639,53.125,50.0,50.0,53.571428571428555,44.82758620689653,45.1612903225807,0.3333333333333333,70.21276595744679,64.00000000000006,62.22222222222218,58.974358974359035,55.555555555555536,55.882352941176535,51.612903225806406,56.00000000000005,0.5595238095238095,61.11111111111107,60.52631578947371,57.57575757575752,54.8387096774193,41.66666666666661,30.00000000000007,44.99999999999993,35.00000000000014,0.35714285714285715,37.44162841748155,52.597045058272904,75.90164889588067,70.86236138290933,52.91287548298642,52.15428500558104,1540.1142857142859,2.7472527472527473,2.588235294117647,3.0425963488843815,6.653225806451612,6.6000000000000005,0.78,86.20689655172416,76.66666666666669,75.0,83.33333333333334,77.2727272727273,77.2727272727273,80.00000000000003,81.81818181818184,0.6547619047619048
IN,98.46153846153847,96.00000000000044,0.20000000000000284,47.72727272727273,46.75324675324675,79.61783439490445,75.1592356687898,1.97,30.188679245283026,53.33333333333332,26.223422207222423,29.59285004965244,18.689521703068834,-975.0,47.09333333333334,28.912466843501328,40.725209669462274,-1974.9999999999998,7.971014492753614,19.584569732937695,15.992647058823529,21.052631578947366,-1.0399999999999991,2.328377787494534,57.43440233236152,53.86904761904763,54.941860465116285,57.738095238095234,55.6430446194226,61.74698795180722,52.32558139534884,1.3499999999999999,67.49999999999999,64.10256410256414,65.625,55.555555555555536,73.07692307692318,71.42857142857136,65.51724137931032,58.0645161290323,0.7619047619047619,78.72340425531918,74.00000000000003,73.33333333333334,64.10256410256414,63.88888888888893,70.58823529411767,70.96774193548382,67.99999999999997,0.5476190476190477,80.55555555555554,81.57894736842107,72.72727272727275,70.9677419354839,83.3333333333334,84.99999999999997,90.00000000000003,75.0,0.7738095238095238,24.408301736180405,43.93869872441957,55.6953912486162,33.99608610567515,14.47338900660602,13.302740915292066,-968.2,0.0,7.294117647058823,9.73630831643002,10.483870967741936,10.8,1.29,93.10344827586209,90.00000000000001,89.28571428571428,89.99999999999999,81.81818181818184,81.81818181818184,64.99999999999999,86.36363636363637,0.03571428571428571
IA,91.53846153846148,92.00000000000017,0.9000000000000057,58.33333333333333,48.7012987012987,58.59872611464969,57.961783439490446,0.3800000000000002,83.01886792452831,39.99999999999986,12.35234559568006,22.740814299900713,29.63782139894939,3060.0,30.106666666666683,18.420277040966717,42.47656635421806,1565.0,27.536231884057962,43.02670623145399,32.16911764705882,28.493647912885667,-1.3399999999999985,1.8637953651071275,94.16909620991254,90.47619047619051,85.46511627906976,89.58333333333333,79.52755905511812,89.7590361445783,84.88372093023257,0.6357142857142856,75.0,71.79487179487181,59.375,55.555555555555536,69.23076923076934,60.714285714285765,51.724137931034434,54.838709677419395,-0.03571428571428571,82.97872340425539,74.00000000000003,66.6666666666667,64.10256410256414,55.555555555555536,67.64705882352943,64.51612903225801,51.99999999999996,-0.03571428571428571,80.55555555555554,76.31578947368425,72.72727272727275,67.741935483871,70.8333333333334,59.999999999999964,69.99999999999993,55.00000000000007,0.11904761904761904,21.82997405707444,24.92429108929063,28.797413039678375,32.897586431833005,30.769039012838096,31.16953987349622,1767.857142857143,0.0,1.1764705882352942,0.4056795131845842,0.4032258064516129,0.4,0.010000000000000004,100.0,100.00000000000003,100.0,100.0,100.00000000000004,100.00000000000004,99.99999999999996,100.00000000000004,0.40476190476190477
KS,96.15384615384616,76.00000000000016,-0.5,18.939393939393938,14.935064935064934,17.8343949044586,15.286624203821658,-0.1899999999999999,62.264150943396245,43.33333333333318,20.080998987512654,11.949685534591193,14.100082941664361,-895.0,25.093333333333344,18.803418803418804,30.735076467686252,125.0,28.985507246376784,46.88427299703264,42.46323529411763,36.84210526315789,0.35,1.7271534761696548,71.7201166180758,68.45238095238098,69.4767441860465,79.4642857142857,72.96587926509186,86.74698795180721,81.00775193798451,1.9178571428571434,72.49999999999997,71.79487179487181,68.75,63.88888888888884,65.38461538461533,50.0,55.17241379310338,48.387096774193594,-0.32142857142857145,82.97872340425539,83.99999999999999,77.77777777777777,76.92307692307692,69.44444444444446,61.764705882352985,61.290322580645196,51.99999999999996,-0.6428571428571429,97.22222222222223,89.47368421052637,78.78787878787881,77.4193548387097,70.8333333333334,50.0,59.999999999999964,45.00000000000011,-1.1428571428571428,11.979644781480747,34.06442140038543,25.758899959214588,23.84605348988911,12.284681540570874,10.482450700731727,235.20000000000002,0.5494505494505495,4.235294117647059,1.6227180527383367,1.6129032258064515,1.4,0.019999999999999997,82.7586206896552,86.66666666666669,85.71428571428572,83.33333333333334,77.2727272727273,77.2727272727273,80.00000000000003,81.81818181818184,0.4523809523809524
KY,78.46153846153845,42.00000000000017,0.10000000000000853,92.42424242424244,90.25974025974025,80.25477707006368,98.72611464968153,0.6500000000000001,50.943396226415096,43.33333333333318,13.938575767802908,14.630916914928838,9.123583079900467,-885.0,31.44,32.27232537577367,30.044400592007904,-1205.0,0.0,21.068249258160243,20.955882352941167,21.415607985480932,-0.1,1.011149978137298,64.72303206997083,54.76190476190479,61.91860465116277,65.77380952380952,58.26771653543308,67.4698795180723,60.46511627906974,1.3714285714285706,72.49999999999997,64.10256410256414,75.0,66.6666666666667,69.23076923076934,75.0,58.62068965517233,54.838709677419395,0.2619047619047619,61.70212765957448,62.000000000000014,55.555555555555536,56.41025641025648,44.444444444444464,44.117647058823465,38.709677419354804,36.00000000000012,0.2261904761904762,55.555555555555536,55.263157894736906,60.60606060606055,61.290322580645196,50.0,55.00000000000007,50.0,45.00000000000011,1.0119047619047619,17.383755737377772,22.84344314949068,31.856318825380157,32.64448793215917,20.42128879471521,19.49646533548306,1103.0285714285715,0.0,0.0,0.0,0.0,0.0,0.0,68.96551724137932,70.0,85.71428571428572,89.99999999999999,86.36363636363637,90.90909090909096,94.99999999999997,95.45454545454545,1.619047619047619
LA,56.9230769230769,33.999999999999986,2.5,23.484848484848484,17.53246753246753,18.471337579617835,24.840764331210192,0.050000000000000086,1.8867924528301785,23.33333333333325,31.083361457981784,30.0893743793446,20.54188554050318,-1360.0,21.653333333333347,29.67875036840555,20.325604341391234,-1340.0,17.75362318840581,38.27893175074184,41.911764705882334,32.30490018148819,0.7899999999999977,1.0931351114997814,20.699708454810484,22.32142857142858,31.976744186046503,32.738095238095234,32.808398950131235,37.34939759036144,20.155038759689916,1.9607142857142867,45.000000000000014,25.64102564102564,15.625,25.0,15.38461538461533,32.14285714285712,17.24137931034475,19.35483870967749,0.7023809523809523,48.93617021276597,48.00000000000004,39.99999999999994,33.33333333333339,22.222222222222232,14.705882352941124,3.225806451612989,12.0000000000001,-0.10714285714285714,52.77777777777777,42.10526315789478,30.303030303030276,29.032258064516103,8.333333333333393,15.000000000000036,0.0,5.000000000000071,0.20238095238095238,12.434643783675913,13.72625493255023,17.598904620404344,30.692759295499016,13.82525239935186,13.268014386704685,1330.8857142857144,6.593406593406594,12.470588235294116,21.90669371196755,21.774193548387096,22.8,2.59,41.37931034482758,43.333333333333336,42.85714285714288,46.66666666666668,40.90909090909092,45.45454545454546,35.00000000000001,54.54545454545459,1.4047619047619047
ME,56.9230769230769,62.0000000000001,3.9000000000000057,16.666666666666668,16.233766233766232,28.662420382165603,29.299363057324847,0.7100000000000002,92.45283018867924,50.0,26.594667566655428,32.57199602780536,29.499585291678176,925.0,27.89333333333335,18.479221927497804,38.801184015786895,1235.0,14.492753623188403,35.608308605341236,19.66911764705882,18.874773139745916,-2.279999999999999,1.4757324005247048,70.84548104956265,68.75,68.6046511627907,74.40476190476188,70.86614173228345,81.92771084337348,77.51937984496125,1.7142857142857146,84.99999999999997,74.35897435897436,68.75,58.3333333333333,73.07692307692318,60.714285714285765,48.27586206896548,54.838709677419395,-0.5952380952380952,76.59574468085104,75.99999999999997,71.11111111111113,74.35897435897436,66.6666666666666,64.70588235294122,58.06451612903221,51.99999999999996,-0.07142857142857142,83.3333333333333,73.68421052631584,75.75757575757578,70.9677419354839,70.8333333333334,55.00000000000007,54.99999999999989,55.00000000000007,-0.16666666666666666,7.950508880462981,25.539139212627326,28.287595408728073,22.165688193085444,22.617474760064816,23.31638348009426,1893.3714285714286,0.5494505494505495,0.0,3.0425963488843815,3.6290322580645165,4.0,0.5599999999999999,86.20689655172416,86.66666666666669,85.71428571428572,86.66666666666667,86.36363636363637,81.81818181818184,80.00000000000003,81.81818181818184,0.4166666666666667
MD,86.15384615384612,56.00000000000023,-0.19999999999998863,98.48484848484851,100.0,100.0,100.0,0.6299999999999997,77.35849056603774,46.66666666666668,74.68781640229498,42.27077126779213,36.93668786286977,-4855.0,54.42666666666667,50.722074860005904,57.424765663542175,35.0,27.898550724637673,45.40059347181009,36.58088235294117,35.753176043557175,-0.009999999999999431,0.13117621337997376,75.21865889212826,72.61904761904762,69.18604651162788,72.6190476190476,65.87926509186353,75.30120481927709,70.15503875968987,1.024999999999999,72.49999999999997,71.79487179487181,75.0,83.3333333333333,100.0,57.14285714285712,62.06896551724137,51.61290322580649,-0.09523809523809523,70.21276595744679,75.99999999999997,75.55555555555556,71.79487179487181,61.11111111111107,58.82352941176477,48.387096774193594,44.00000000000013,-0.32142857142857145,75.0,68.42105263157903,75.75757575757578,80.64516129032259,66.6666666666666,40.000000000000036,59.999999999999964,45.00000000000011,-0.05952380952380952,37.16224306525644,68.7276314581995,65.2770494668764,76.63666014350945,62.85180107191823,61.736326429368724,2018.4857142857145,0.0,7.0588235294117645,6.896551724137931,7.056451612903225,7.000000000000001,0.7500000000000001,82.7586206896552,83.33333333333333,82.14285714285717,83.33333333333334,81.81818181818184,86.36363636363637,85.00000000000001,81.81818181818184,0.6904761904761905
MA,89.99999999999994,48.00000000000004,-1.0999999999999943,0.0,0.0,3.821656050955414,1.2738853503184715,-0.09000000000000001,96.22641509433963,76.66666666666657,75.49780627742153,79.14597815292952,61.84683439314349,-470.0,71.01333333333335,68.37606837606837,83.57178095707943,2225.0,35.14492753623188,62.31454005934718,45.2205882352941,43.73865698729582,0.6100000000000009,2.355706165282029,77.55102040816324,75.89285714285717,78.48837209302324,73.8095238095238,70.07874015748034,81.32530120481924,81.00775193798451,1.2464285714285726,100.0,100.0,100.0,100.0,100.0,100.0,99.99999999999991,87.0967741935484,-0.023809523809523808,100.0,100.0,100.0,100.0,100.0,99.99999999999991,100.0,100.0,0.05952380952380952,100.0,100.0,100.0,99.99999999999991,100.0,100.0,100.0,85.00000000000014,-0.21428571428571427,35.17661145479944,61.37469028172892,76.31241624424634,92.80365296803654,90.15330923594667,90.45764603745504,5097.028571428571,12.08791208791209,8.0,8.519269776876268,8.669354838709676,8.8,0.5300000000000001,82.7586206896552,86.66666666666669,82.14285714285717,83.33333333333334,81.81818181818184,86.36363636363637,85.00000000000001,86.36363636363637,0.7142857142857143
MI,77.69230769230768,10.000000000000142,-1.4000000000000057,23.484848484848484,17.53246753246753,11.464968152866241,6.369426751592358,-0.9299999999999999,58.490566037735846,43.33333333333318,61.59298008774891,45.64713670969878,27.481338125518384,-4625.0,73.12,58.974358974358985,60.50814010853478,-2845.0,16.66666666666665,31.15727002967359,27.38970588235293,25.40834845735027,-0.8099999999999994,4.869916921731526,66.47230320699708,60.41666666666665,55.23255813953487,53.869047619047606,41.99475065616798,54.2168674698795,41.86046511627906,0.20357142857142865,67.49999999999999,58.97435897435894,50.0,50.0,42.307692307692335,32.14285714285712,37.93103448275854,45.1612903225807,-0.21428571428571427,68.08510638297874,58.00000000000001,53.33333333333332,51.28205128205128,41.6666666666667,44.117647058823465,45.161290322580605,44.00000000000013,0.42857142857142855,75.0,63.157894736842124,51.51515151515147,45.161290322580605,33.33333333333339,25.0,34.999999999999964,30.00000000000007,-0.27380952380952384,50.866094591897834,72.17353400018352,87.05063217386235,58.30136986301368,43.218247538327326,40.31005829095871,-1414.6571428571428,28.02197802197802,18.11764705882353,22.10953346855984,19.758064516129036,20.2,1.21,51.72413793103448,56.666666666666664,53.571428571428605,60.00000000000001,50.00000000000004,50.00000000000004,44.99999999999997,54.54545454545459,0.9404761904761905
MN,78.46153846153845,40.00000000000021,0.0,55.3030303030303,52.5974025974026,50.318471337579616,43.94904458598726,-0.3499999999999999,90.56603773584906,46.66666666666668,38.6770165372933,38.232373386295926,29.693115841857896,-829.9999999999999,52.800000000000004,41.20247568523432,72.20029600394673,3334.9999999999995,20.28985507246377,38.57566765578635,29.96323529411763,29.03811252268602,-0.6199999999999996,3.0771753388718848,94.16909620991254,90.47619047619051,90.40697674418603,90.47619047619044,80.0524934383202,87.04819277108433,91.08527131782944,0.6892857142857142,84.99999999999997,71.79487179487181,65.625,58.3333333333333,80.76923076923083,57.14285714285712,62.06896551724137,58.0645161290323,-0.19047619047619047,95.74468085106389,87.99999999999999,88.88888888888884,89.74358974358978,83.3333333333334,91.17647058823523,90.3225806451614,88.00000000000009,0.20238095238095238,97.22222222222223,86.84210526315796,90.90909090909092,87.09677419354831,100.0,94.99999999999993,100.0,90.00000000000003,0.36904761904761907,26.44581919776492,49.83252271267321,46.7692128415778,41.45075016307893,32.71095600149572,31.37045764603745,502.57142857142856,17.032967032967033,17.411764705882355,17.849898580121707,17.741935483870968,18.4,1.36,62.06896551724137,63.33333333333335,64.28571428571428,66.6666666666667,59.09090909090913,59.09090909090913,60.00000000000001,63.63636363636367,0.8809523809523809
MS,70.76923076923069,66.00000000000037,2.3000000000000114,39.3939393939394,35.06493506493506,42.038216560509554,40.76433121019109,0.27000000000000013,37.735849056603776,19.99999999999993,17.85352683091461,4.270109235352537,9.759469173348068,-1350.0,10.746666666666682,12.466843501326274,16.74888998519981,-20.0,11.594202898550732,36.20178041543027,29.411764705882348,29.945553539019965,0.3,0.8526453869698294,27.11370262390669,23.511904761904766,16.56976744186045,17.85714285714286,25.72178477690288,23.493975903614416,3.488372093023262,1.0000000000000004,32.500000000000014,28.205128205128194,28.125,22.222222222222232,11.538461538461497,25.0,27.58620689655169,48.387096774193594,1.7738095238095237,36.170212765957466,33.999999999999986,24.444444444444446,23.076923076923084,16.666666666666696,23.529411764705888,16.12903225806459,20.000000000000107,1.5952380952380953,44.444444444444464,36.84210526315796,24.24242424242422,25.806451612903203,8.333333333333393,15.000000000000036,29.999999999999893,55.00000000000007,1.8452380952380953,0.0,13.691841791318716,12.142399347433418,20.75668623613829,0.0,0.0,927.5142857142857,0.5494505494505495,0.0,0.6085192697768762,0.6048387096774194,1.0,0.11000000000000001,55.17241379310347,53.33333333333334,50.0,56.666666666666686,54.54545454545459,59.09090909090913,60.00000000000001,68.18181818181822,1.4761904761904763
MO,91.53846153846148,80.00000000000007,0.29999999999999716,22.72727272727273,18.83116883116883,24.840764331210192,24.840764331210192,0.1600000000000001,56.60377358490566,43.33333333333318,10.259871751603121,6.521019529956984,4.672380425767209,-1145.0,23.706666666666678,20.83701738874153,30.019733596447963,240.0,31.8840579710145,49.55489614243325,38.60294117647059,43.01270417422868,0.8300000000000004,3.0881066899868825,80.75801749271136,78.5714285714286,77.90697674418603,77.08333333333333,68.24146981627297,79.51807228915662,74.03100775193793,0.8107142857142847,75.0,61.5384615384615,68.75,52.77777777777777,61.5384615384615,57.14285714285712,55.17241379310338,45.1612903225807,-0.14285714285714285,65.95744680851068,66.00000000000001,71.11111111111113,56.41025641025648,50.0,52.94117647058813,48.387096774193594,48.00000000000004,0.25,66.6666666666667,65.78947368421053,66.6666666666667,58.0645161290323,45.83333333333339,40.000000000000036,54.99999999999989,40.000000000000036,0.23809523809523808,11.927758930353228,26.511884004771947,28.70127600069916,19.75994781474233,11.140471145456821,11.137293811236514,445.85714285714283,4.945054945054945,5.176470588235294,6.085192697768763,5.64516129032258,5.8,0.45999999999999996,75.86206896551727,83.33333333333333,85.71428571428572,86.66666666666667,86.36363636363637,90.90909090909096,85.00000000000001,90.90909090909096,1.0238095238095237
MT,64.61538461538456,56.00000000000023,2.6000000000000085,36.36363636363637,29.22077922077922,26.11464968152866,22.292993630573246,-0.6399999999999999,47.16981132075472,50.0,14.917313533580835,13.27375041377028,13.961846834393143,-155.0,28.400000000000002,14.64780430297672,36.0878145041934,590.0,34.78260869565215,54.89614243323442,31.801470588235283,33.39382940108892,-1.55,2.645386969829471,79.59183673469387,77.38095238095238,74.70930232558139,71.72619047619048,65.6167979002625,78.91566265060239,66.66666666666666,0.6678571428571435,84.99999999999997,76.92307692307692,71.875,66.6666666666667,65.38461538461533,64.28571428571423,51.724137931034434,58.0645161290323,-0.5714285714285714,87.2340425531915,78.00000000000003,84.44444444444441,84.61538461538467,66.6666666666666,70.58823529411767,64.51612903225801,59.999999999999964,-0.4523809523809524,83.3333333333333,78.94736842105266,75.75757575757578,70.9677419354839,62.5,50.0,59.999999999999964,55.00000000000007,-0.2857142857142857,17.49351426860907,17.300633201798654,13.293130571578393,21.106327462491837,19.97507166895176,20.984745132084836,1428.3428571428572,0.0,0.0,0.0,0.0,0.0,0.0,79.3103448275862,83.33333333333333,78.5714285714286,80.00000000000003,77.2727272727273,77.2727272727273,74.99999999999996,77.2727272727273,0.5357142857142857
NE,92.30769230769234,74.0000000000002,-0.10000000000000853,80.3030303030303,69.48051948051948,74.52229299363057,74.52229299363057,0.21999999999999992,79.24528301886792,46.66666666666668,8.099898751265622,13.968884475339305,9.731821951893838,90.0,23.06666666666668,28.794577070439153,22.20029600394673,-1225.0,31.159420289855056,40.949554896142445,32.7205882352941,33.03085299455536,-0.7899999999999991,1.519457804984696,93.58600583090377,82.73809523809526,77.32558139534886,77.38095238095235,81.6272965879265,99.99999999999997,100.0,1.6321428571428571,75.0,66.6666666666667,65.625,61.11111111111107,65.38461538461533,71.42857142857136,58.62068965517233,58.0645161290323,0.2857142857142857,82.97872340425539,71.99999999999997,66.6666666666667,58.974358974359035,55.555555555555536,67.64705882352943,70.96774193548382,64.00000000000006,0.4166666666666667,75.0,63.157894736842124,60.60606060606055,58.0645161290323,58.33333333333339,65.00000000000003,84.99999999999997,70.00000000000011,1.1904761904761905,10.84613849531032,19.319537487381854,18.158247392646953,22.533594259621648,23.62956500062321,22.15552523874489,1989.7714285714287,0.0,0.0,0.0,0.0,0.0,0.0,93.10344827586209,96.66666666666666,96.42857142857144,96.66666666666669,90.90909090909096,90.90909090909096,89.99999999999999,90.90909090909096,0.2976190476190476
NV,81.53846153846152,56.00000000000023,0.4000000000000057,8.333333333333334,7.792207792207792,12.101910828025478,19.108280254777068,0.43,9.43396226415095,26.666666666666572,31.79210259871752,37.66964581264482,26.48603815316559,-390.0,39.97333333333335,30.651340996168596,41.662555500740005,-450.0,86.5942028985507,89.31750741839764,99.99999999999999,100.0,7.719999999999997,0.10931351114997814,0.0,0.8928571428571397,0.0,0.0,0.0,0.0,0.0,1.7392857142857143,40.000000000000036,35.897435897435855,28.125,33.3333333333333,30.769230769230838,25.0,27.58620689655169,45.1612903225807,1.2738095238095237,53.19148936170217,46.0,44.444444444444464,46.15384615384617,36.11111111111107,35.29411764705878,29.032258064516192,20.000000000000107,0.6071428571428571,52.77777777777777,47.36842105263159,48.48484848484844,48.38709677419351,29.166666666666607,15.000000000000036,15.000000000000036,30.00000000000007,0.4523809523809524,28.9383356615446,42.511700468018724,44.97465478063274,38.68493150684931,23.80157048485605,21.594939848691542,-284.37142857142857,8.791208791208792,12.470588235294116,15.212981744421905,20.967741935483872,23.2,2.5100000000000002,10.344827586206895,13.333333333333353,32.14285714285716,30.00000000000003,9.090909090909127,22.72727272727275,49.99999999999996,63.63636363636367,2.9404761904761907
NH,71.53846153846155,0.0,-1.1000000000000085,11.363636363636362,12.337662337662339,8.280254777070063,5.7324840764331215,-0.45,94.33962264150944,59.999999999999964,47.38440769490382,49.553128103277075,42.438484932264295,185.0,44.10666666666667,36.162687886825815,47.582634435125804,-24.999999999999996,18.840579710144922,33.53115727002969,27.022058823529406,25.952813067150625,-1.0000000000000007,1.661565369479668,80.17492711370264,81.25,81.3953488372093,84.82142857142854,73.22834645669289,82.8313253012048,76.74418604651159,0.9464285714285708,90.00000000000003,82.05128205128203,84.375,80.55555555555554,100.0,89.28571428571423,75.86206896551717,64.51612903225809,-0.11904761904761904,85.10638297872345,79.99999999999999,84.44444444444441,82.05128205128212,86.11111111111107,91.17647058823523,87.0967741935484,72.00000000000006,0.5833333333333334,97.22222222222223,92.10526315789478,96.96969696969697,96.7741935483871,100.0,90.00000000000003,79.99999999999989,75.0,-0.38095238095238093,7.597285970864098,35.17023033862531,37.758550369981926,38.43705153294194,32.84058332294653,31.184422671462244,2448.7714285714287,0.0,6.8235294117647065,12.7789046653144,12.701612903225806,14.6,1.8,93.10344827586209,90.00000000000001,89.28571428571428,89.99999999999999,86.36363636363637,86.36363636363637,89.99999999999999,90.90909090909096,0.4642857142857143
NJ,89.99999999999994,48.00000000000004,-1.0999999999999943,46.21212121212122,40.9090909090909,40.76433121019109,35.668789808917204,-0.35,96.22641509433963,66.6666666666666,90.41511981100234,96.6898378020523,84.54520320707768,1425.0,87.30666666666667,76.30415561450046,84.31179082387766,-680.0,35.86956521739131,56.67655786350147,31.433823529411764,31.397459165154263,-2.0500000000000016,3.716659379099257,88.04664723032072,85.11904761904762,84.30232558139534,87.49999999999997,73.22834645669289,81.02409638554218,83.72093023255812,0.678571428571428,79.99999999999999,87.17948717948714,84.375,83.3333333333333,88.46153846153851,78.57142857142864,89.65517241379315,74.1935483870968,0.42857142857142855,82.97872340425539,82.00000000000003,86.66666666666663,87.17948717948723,86.11111111111107,88.23529411764702,83.87096774193559,92.0,0.8690476190476191,91.6666666666667,92.10526315789478,84.84848484848486,83.8709677419355,75.0,69.99999999999993,94.99999999999993,80.00000000000007,0.023809523809523808,34.57792855717421,65.78416077819583,100.0,80.16960208741031,63.58967967094604,61.11372938112365,2001.1142857142856,12.08791208791209,6.8235294117647065,6.896551724137931,6.854838709677419,6.800000000000001,0.29,82.7586206896552,90.00000000000001,92.85714285714289,93.33333333333336,95.45454545454545,95.45454545454545,99.99999999999996,100.00000000000004,1.0476190476190477
NM,69.23076923076925,33.999999999999986,0.8999999999999915,75.0,21.428571428571427,28.662420382165603,26.751592356687897,-1.8,1.4210854715202004e-14,6.666666666666643,30.880863989200137,24.263488910956642,16.533038429637827,-2055.0,23.360000000000003,27.99882110226939,24.938332511100157,-725.0,9.420289855072461,38.27893175074184,48.3455882352941,46.64246823956444,4.200000000000001,0.819851333624836,14.28571428571428,32.14285714285714,24.709302325581373,28.27380952380951,31.496062992125996,44.57831325301205,15.891472868216994,2.085714285714285,40.000000000000036,38.4615384615385,18.75,19.444444444444464,0.0,0.0,3.44827586206895,12.903225806451601,-0.21428571428571427,38.29787234042552,40.000000000000036,35.555555555555515,35.89743589743595,22.222222222222232,23.529411764705888,9.67741935483879,0.0,0.5833333333333334,36.11111111111107,36.84210526315796,33.3333333333333,35.48387096774191,16.666666666666607,0.0,4.999999999999893,5.000000000000071,0.7380952380952381,19.772500498902424,15.813985500596484,15.180912427897209,22.62752772341814,5.663716814159292,5.586010169911937,-60.05714285714286,7.142857142857142,22.11764705882353,23.123732251521297,22.177419354838708,22.0,2.1,13.79310344827589,36.66666666666669,28.571428571428605,26.66666666666666,0.0,9.090909090909127,0.0,22.72727272727275,1.0119047619047619
NY,75.38461538461539,32.000000000000384,0.0,10.606060606060607,14.285714285714285,8.917197452229301,8.9171974522293,-0.29000000000000004,67.9245283018868,39.99999999999986,65.94667566655417,94.27341939755047,68.09510644180259,2075.0,100.00000000000003,100.0,100.0,120.0,55.434782608695635,46.88427299703264,43.749999999999986,40.29038112522687,-1.2,5.520332313073896,42.85714285714286,44.34523809523814,49.99999999999998,54.16666666666667,49.6062992125984,53.012048192771054,42.635658914728666,1.617857142857141,79.99999999999999,69.23076923076925,68.75,58.3333333333333,69.23076923076934,57.14285714285712,51.724137931034434,51.61290322580649,-0.38095238095238093,74.46808510638299,64.00000000000006,64.4444444444444,51.28205128205128,47.22222222222223,49.999999999999915,51.612903225806406,44.00000000000013,0.03571428571428571,75.0,76.31578947368425,66.6666666666667,51.612903225806406,45.83333333333339,30.00000000000007,34.999999999999964,35.00000000000014,-0.6190476190476191,51.83596088605069,80.65293199963291,95.6621802715143,100.0,100.00000000000003,99.99999999999997,3961.3714285714286,4.945054945054945,8.470588235294118,11.359026369168355,11.693548387096774,12.2,1.2599999999999998,62.06896551724137,59.999999999999986,53.571428571428605,56.666666666666686,45.45454545454546,50.00000000000004,55.00000000000003,59.09090909090913,0.8333333333333334
NC,74.61538461538453,72.00000000000024,2.1000000000000085,76.51515151515152,65.5844155844156,66.87898089171973,61.78343949044586,-0.2900000000000002,54.71698113207547,43.33333333333318,19.642254471819108,10.261502813637868,12.745369090406399,-1075.0,8.29333333333333,8.871205422929563,17.636901825357686,620.0,33.33333333333333,46.58753709198813,37.86764705882353,37.56805807622505,-0.129999999999999,1.7107564494971579,41.98250728862971,50.0,54.65116279069766,56.845238095238116,47.506561679789996,57.83132530120481,50.3875968992248,1.7571428571428582,65.00000000000003,53.84615384615383,53.125,55.555555555555536,61.5384615384615,67.85714285714289,58.62068965517233,54.838709677419395,0.9523809523809523,78.72340425531918,71.99999999999997,66.6666666666667,66.6666666666667,58.3333333333333,52.94117647058813,51.612903225806406,59.999999999999964,-0.05952380952380952,83.3333333333333,73.68421052631584,75.75757575757578,74.1935483870968,66.6666666666666,65.00000000000003,59.999999999999964,55.00000000000007,-0.05952380952380952,14.759529036120533,30.122969624667327,45.03583289634678,24.433137638617097,16.043873862644897,20.838397618752325,726.5142857142857,22.527472527472526,9.176470588235293,12.981744421906694,13.104838709677418,14.000000000000002,0.8400000000000001,65.51724137931036,70.0,75.0,76.66666666666666,77.2727272727273,77.2727272727273,80.00000000000003,77.2727272727273,1.2142857142857142
ND,100.0,82.00000000000038,-0.7000000000000028,17.424242424242426,13.636363636363635,20.38216560509554,12.738853503184714,-0.19000000000000009,92.45283018867924,43.33333333333318,10.52986837664529,20.62231049321417,28.17251866187447,3065.0,37.41333333333334,21.868552903035663,39.02318697582634,-504.99999999999994,34.78260869565215,48.96142433234421,36.02941176470588,34.66424682395645,-0.9099999999999987,1.224311324879755,84.25655976676383,82.73809523809526,90.40697674418603,91.07142857142858,82.67716535433071,95.18072289156623,92.63565891472871,1.5107142857142866,84.99999999999997,74.35897435897436,75.0,69.44444444444446,69.23076923076934,64.28571428571423,51.724137931034434,54.838709677419395,-0.6309523809523809,89.36170212765964,87.99999999999999,86.66666666666663,82.05128205128212,72.22222222222214,73.52941176470588,70.96774193548382,67.99999999999997,-0.5119047619047619,88.88888888888893,81.57894736842107,78.78787878787881,74.1935483870968,70.8333333333334,69.99999999999993,75.0,65.00000000000003,-0.047619047619047616,9.19976052684095,7.850784619620066,3.452193672434878,12.584474885844754,20.162034151813547,19.49646533548306,2299.0285714285715,0.0,0.0,0.0,0.0,0.0,0.0,93.10344827586209,93.33333333333333,92.85714285714289,86.66666666666667,81.81818181818184,86.36363636363637,80.00000000000003,86.36363636363637,0.16666666666666666
OH,68.4615384615384,54.00000000000027,2.0,50.0,42.85714285714285,22.929936305732486,25.477707006369428,-1.2900000000000003,60.37735849056604,56.66666666666664,38.305771177860294,41.24462098642834,33.01078241636715,-175.0,53.22666666666667,42.02770409666962,55.6240749876665,-105.0,22.101449275362306,29.67359050445104,0.0,0.0,-6.9,5.810013117621338,71.42857142857142,68.45238095238098,67.73255813953487,70.23809523809523,61.94225721784774,73.49397590361446,67.4418604651163,1.1107142857142864,79.99999999999999,74.35897435897436,71.875,63.88888888888884,69.23076923076934,64.28571428571423,62.06896551724137,58.0645161290323,-0.14285714285714285,80.85106382978724,74.00000000000003,71.11111111111113,74.35897435897436,69.44444444444446,64.70588235294122,70.96774193548382,67.99999999999997,0.40476190476190477,86.11111111111107,81.57894736842107,75.75757575757578,70.9677419354839,70.8333333333334,65.00000000000003,59.999999999999964,55.00000000000007,-0.2976190476190476,22.25903013370585,45.38405065614389,53.89209345685484,52.203522504892376,33.26685778387137,30.323700855760883,975.1999999999999,9.340659340659341,21.176470588235293,20.4868154158215,18.951612903225808,17.8,1.4800000000000002,72.41379310344831,73.33333333333336,71.42857142857144,70.00000000000001,54.54545454545459,68.18181818181822,64.99999999999999,59.09090909090913,0.40476190476190477
OK,70.76923076923069,66.00000000000037,2.3000000000000114,100.0,84.4155844155844,87.89808917197452,85.35031847133757,-0.0700000000000001,20.754716981132077,26.666666666666572,14.917313533580835,6.719629261833826,0.0,-2680.0,0.0,50.722074860005904,0.0,-1400.0,28.260869565217384,44.213649851632056,32.90441176470588,32.667876588021784,-0.7100000000000009,3.2466112811543506,68.80466472303206,65.47619047619051,61.04651162790697,61.60714285714286,55.6430446194226,59.63855421686743,46.12403100775193,0.35714285714285815,57.500000000000014,51.28205128205128,46.875,38.88888888888893,42.307692307692335,53.571428571428555,34.482758620689594,38.70967741935489,0.36904761904761907,55.31914893617022,54.0,48.88888888888889,48.71794871794872,30.555555555555536,35.29411764705878,29.032258064516192,28.000000000000114,0.34523809523809523,63.88888888888893,60.52631578947371,54.5454545454545,48.38709677419351,41.66666666666661,44.99999999999993,40.000000000000036,35.00000000000014,0.38095238095238093,8.183995210536821,8.098559236487112,9.70692769329371,26.998043052837573,3.4949520129627487,16.961428748604735,1739.8857142857141,1.6483516483516485,2.3529411764705883,5.476673427991887,6.451612903225806,6.800000000000001,0.8399999999999999,68.96551724137932,70.0,82.14285714285717,73.33333333333334,63.63636363636367,59.09090909090913,60.00000000000001,59.09090909090913,0.32142857142857145
OR,88.46153846153851,62.0000000000001,-0.20000000000000284,47.72727272727273,40.259740259740255,42.67515923566879,39.490445859872615,-0.18999999999999995,43.39622641509434,46.66666666666668,59.534255821802226,60.377358490566046,50.42853193254078,-170.0,35.70666666666666,40.58355437665784,46.47261963492848,1325.0,13.405797101449268,26.409495548961438,23.161764705882348,21.052631578947366,-1.3299999999999996,1.2079142982072584,57.14285714285714,61.60714285714288,58.72093023255813,55.05952380952379,50.918635170603665,55.72289156626506,36.04651162790695,0.471428571428571,65.00000000000003,46.15384615384617,50.0,41.6666666666667,50.0,46.428571428571445,37.93103448275854,45.1612903225807,0.36904761904761907,78.72340425531918,71.99999999999997,68.88888888888891,58.974358974359035,52.77777777777777,58.82352941176477,51.612903225806406,44.00000000000013,-0.34523809523809523,75.0,57.89473684210531,57.57575757575752,48.38709677419351,45.83333333333339,34.999999999999964,19.99999999999993,30.00000000000007,-0.30952380952380953,28.750748353622036,43.65421675690556,57.813319349764015,49.96738421395954,46.14483360339025,46.66005208979287,1895.8285714285714,4.945054945054945,19.529411764705884,20.28397565922921,20.564516129032256,21.0,2.1100000000000003,31.034482758620683,30.000000000000004,25.0,36.66666666666667,22.72727272727275,27.272727272727295,29.999999999999982,45.45454545454546,1.6904761904761905
PA,92.30769230769234,66.00000000000037,-0.5,30.303030303030305,24.675324675324674,23.56687898089172,21.656050955414013,-0.3999999999999999,66.0377358490566,46.66666666666668,62.976712791090115,71.23469049983451,57.22974841028476,550.0,68.74666666666667,59.91747715885647,71.80562407498768,265.0,27.536231884057962,39.76261127596441,34.007352941176464,33.57531760435572,-0.28999999999999987,4.301486663751639,83.96501457725944,79.46428571428572,70.34883720930229,78.27380952380952,71.12860892388449,86.74698795180721,81.00775193798451,1.167857142857143,79.99999999999999,74.35897435897436,68.75,72.22222222222223,76.923076923077,71.42857142857136,62.06896551724137,61.290322580645196,0.03571428571428571,76.59574468085104,75.99999999999997,75.55555555555556,66.6666666666667,69.44444444444446,61.764705882352985,64.51612903225801,64.00000000000006,0.23809523809523808,83.3333333333333,78.94736842105266,75.75757575757578,77.4193548387097,62.5,59.999999999999964,65.00000000000003,70.00000000000011,0.07142857142857142,30.371183396527645,55.08626227402037,83.8985025927868,61.95433789954337,57.529602393119795,55.97668361651991,2156.1714285714284,10.989010989010989,10.588235294117647,12.170385395537526,12.096774193548388,12.2,0.97,82.7586206896552,83.33333333333333,85.71428571428572,80.00000000000003,72.72727272727275,77.2727272727273,80.00000000000003,77.2727272727273,0.42857142857142855
RI,83.07692307692314,69.99999999999993,0.8999999999999915,7.575757575757577,4.545454545454545,2.547770700636943,0.0,-0.54,83.01886792452831,39.99999999999986,98.88626392170099,42.27077126779213,86.4528614874205,515.0,54.42666666666667,50.722074860005904,84.43512580167736,5510.0,54.710144927536206,73.8872403560831,42.46323529411763,38.83847549909256,-2.3600000000000003,0.3388718845649322,70.55393586005832,60.71428571428572,55.23255813953487,55.35714285714286,46.981627296587924,53.012048192771054,44.5736434108527,0.16071428571428417,62.5,56.41025641025639,65.625,58.3333333333333,65.38461538461533,64.28571428571423,55.17241379310338,51.61290322580649,0.6547619047619048,57.44680851063828,54.0,53.33333333333332,58.974358974359035,52.77777777777777,52.94117647058813,35.48387096774199,28.000000000000114,0.5714285714285714,61.11111111111107,57.89473684210531,60.60606060606055,64.51612903225809,50.0,34.999999999999964,44.99999999999993,45.00000000000011,0.5714285714285714,40.05188585112754,67.52775993392676,78.31964108838778,63.57208088714938,55.55029290788982,53.24569018975567,845.4285714285713,4.945054945054945,11.76470588235294,19.26977687626775,19.758064516129036,21.8,2.4800000000000004,62.06896551724137,59.999999999999986,64.28571428571428,66.6666666666667,63.63636363636367,63.63636363636367,64.99999999999999,68.18181818181822,1.130952380952381
SC,92.30769230769234,90.00000000000021,0.6999999999999886,90.15151515151514,66.88311688311688,75.79617834394905,83.43949044585987,0.31000000000000033,49.056603773584904,29.999999999999893,20.047249409382385,16.617014233697457,8.764169200995298,-1854.9999999999998,21.599999999999998,15.856174476864137,22.126295017266905,-964.9999999999999,99.99999999999997,100.0,60.2941176470588,50.09074410163339,-4.160000000000002,0.5465675557498907,13.702623906705513,18.452380952380953,28.197674418604656,30.952380952380953,27.034120734908118,36.44578313253011,25.968992248062015,2.4178571428571423,54.999999999999986,43.58974358974361,43.75,38.88888888888893,30.769230769230838,39.28571428571432,20.68965517241379,38.70967741935489,0.25,76.59574468085104,67.99999999999997,57.77777777777775,53.846153846153925,41.6666666666667,38.235294117647015,29.032258064516192,28.000000000000114,-0.9880952380952381,75.0,60.52631578947371,51.51515151515147,48.38709677419351,33.33333333333339,30.00000000000007,25.0,35.00000000000014,-0.2261904761904762,7.896627419676716,27.07625952096907,30.554098933752826,26.439660795825183,13.3740496073788,11.958328165695153,892.4,3.846153846153846,8.470588235294118,11.359026369168355,11.29032258064516,12.400000000000002,1.3,51.72413793103448,53.33333333333334,57.14285714285716,63.33333333333333,50.00000000000004,63.63636363636367,64.99999999999999,54.54545454545459,1.2976190476190477
SD,82.30769230769228,100.0,2.5,10.606060606060607,12.987012987012989,12.101910828025478,10.828025477707007,-0.13000000000000006,43.39622641509434,43.33333333333318,0.0,0.0,16.615980094000538,2535.0,6.6400000000000015,50.722074860005904,22.866304884065137,1989.9999999999998,17.028985507246365,39.76261127596441,32.7205882352941,34.11978221415608,0.5999999999999985,0.9018364669873196,82.50728862973762,84.52380952380953,73.83720930232556,71.42857142857142,60.10498687664041,71.08433734939756,63.17829457364339,0.042857142857141435,77.50000000000003,66.6666666666667,62.5,52.77777777777777,46.15384615384617,46.428571428571445,51.724137931034434,58.0645161290323,-0.15476190476190477,89.36170212765964,79.99999999999999,82.2222222222222,79.48717948717956,61.11111111111107,64.70588235294122,64.51612903225801,72.00000000000006,-0.38095238095238093,86.11111111111107,71.05263157894743,69.69696969696972,61.290322580645196,50.0,44.99999999999993,65.00000000000003,55.00000000000007,-0.09523809523809523,3.2428656954699653,0.0,0.0,0.0,6.882712202418051,7.967257844474762,1794.2285714285713,0.0,0.0,0.0,0.0,0.0,0.0,82.7586206896552,80.0,75.0,73.33333333333334,68.18181818181822,68.18181818181822,64.99999999999999,68.18181818181822,0.19047619047619047
TN,92.30769230769234,69.99999999999993,-0.30000000000001137,18.939393939393938,6.493506493506493,15.286624203821656,8.280254777070065,-0.4299999999999999,69.81132075471697,39.99999999999986,21.160985487681415,16.74942072161536,20.73541609068288,145.0,15.013333333333346,13.88152077807252,26.689689195855948,1195.0,32.24637681159421,49.258160237388715,37.316176470588225,30.85299455535391,-1.270000000000001,0.7979886313948404,53.644314868804635,56.25000000000004,61.337209302325604,67.26190476190477,58.79265091863515,72.59036144578307,57.75193798449614,1.8035714285714284,57.500000000000014,48.71794871794872,46.875,38.88888888888893,53.84615384615383,42.85714285714288,41.37931034482758,48.387096774193594,0.7261904761904762,55.31914893617022,52.00000000000004,46.66666666666668,35.89743589743595,36.11111111111107,44.117647058823465,41.93548387096779,44.00000000000013,1.2023809523809523,58.3333333333333,50.0,39.39393939393936,35.48387096774191,45.83333333333339,50.0,40.000000000000036,50.0,1.3095238095238095,13.81560566753144,26.3214646232908,31.6290858241566,22.72667971298108,15.201296273214515,15.230063251891357,696.9428571428572,0.0,3.7647058823529416,11.967545638945234,12.5,12.400000000000002,1.7000000000000002,93.10344827586209,93.33333333333333,85.71428571428572,86.66666666666667,86.36363636363637,90.90909090909096,94.99999999999997,95.45454545454545,0.6309523809523809
TX,86.15384615384612,82.00000000000038,1.1000000000000085,54.54545454545454,44.805194805194795,48.40764331210191,46.4968152866242,-0.11000000000000006,41.509433962264154,19.99999999999993,43.23320958488019,44.025157232704416,40.97318219518937,535.0,29.38666666666667,32.86177424108458,34.65712876171683,114.99999999999999,26.086956521739136,44.51038575667654,34.558823529411754,34.11978221415608,-0.21000000000000085,6.689986882378662,51.60349854227404,50.89285714285712,55.5232558139535,62.797619047619044,59.58005249343834,70.78313253012045,62.40310077519378,2.174999999999999,70.00000000000001,58.97435897435894,53.125,47.22222222222223,42.307692307692335,39.28571428571432,27.58620689655169,38.70967741935489,-0.5952380952380952,76.59574468085104,75.99999999999997,73.33333333333334,76.92307692307692,63.88888888888893,61.764705882352985,51.612903225806406,44.00000000000013,-0.4523809523809524,86.11111111111107,73.68421052631584,63.63636363636367,61.290322580645196,54.16666666666661,65.00000000000003,59.999999999999964,70.00000000000011,0.2619047619047619,14.857313909399327,28.351839955951174,37.03023946862436,28.735812133072415,21.393493705596423,21.28488155773285,1120.9714285714285,14.835164835164836,15.058823529411766,17.24137931034483,17.137096774193548,18.0,1.4700000000000002,93.10344827586209,96.66666666666666,92.85714285714289,89.99999999999999,90.90909090909096,90.90909090909096,94.99999999999997,95.45454545454545,0.5
UT,65.38461538461542,44.00000000000013,1.8999999999999915,28.787878787878785,27.92207792207792,24.203821656050955,28.02547770700637,-0.07999999999999985,69.81132075471697,56.66666666666664,25.81842726965913,17.941079112876544,23.002488249930874,-135.0,27.466666666666683,18.980253463012087,36.655155402072026,880.0,25.0,40.949554896142445,34.92647058823528,33.9382940108893,-0.010000000000000142,0.8690424136423262,65.30612244897955,54.46428571428572,67.15116279069765,61.904761904761884,51.968503937007846,54.51807228915661,54.65116279069764,0.7392857142857139,75.0,61.5384615384615,53.125,52.77777777777777,65.38461538461533,67.85714285714289,62.06896551724137,67.741935483871,0.8571428571428571,72.34042553191493,66.00000000000001,66.6666666666667,58.974358974359035,52.77777777777777,67.64705882352943,67.741935483871,64.00000000000006,0.9404761904761905,77.77777777777777,65.78947368421053,63.63636363636367,67.741935483871,58.33333333333339,59.999999999999964,65.00000000000003,70.00000000000011,0.7023809523809523,19.91618439433247,10.918142608057268,25.607411291732205,21.489889106327453,12.032905396983672,11.826863450328663,576.2857142857143,5.4945054945054945,18.11764705882353,24.34077079107505,25.201612903225808,25.2,2.8000000000000003,58.62068965517242,70.0,75.0,76.66666666666666,72.72727272727275,72.72727272727275,74.99999999999996,81.81818181818184,1.3571428571428572
VT,75.38461538461539,58.000000000000185,1.2999999999999972,0.0,0.6493506493506496,1.2738853503184713,0.6369426751592359,-0.17,92.45283018867924,59.999999999999964,45.42693216334796,49.25521350546178,32.761957423278965,-1275.0,49.546666666666674,44.29708222811672,55.13073507646769,485.0,11.594202898550732,29.67359050445104,26.470588235294112,26.497277676951004,-0.20999999999999944,1.6233056405771755,99.99999999999997,99.10714285714289,96.8023255813953,99.99999999999997,89.23884514435699,97.59036144578313,84.49612403100772,0.38214285714285773,90.00000000000003,79.48717948717947,84.375,72.22222222222223,84.61538461538467,82.14285714285711,65.51724137931032,58.0645161290323,-0.4880952380952381,89.36170212765964,86.00000000000003,86.66666666666663,87.17948717948723,83.3333333333334,79.41176470588233,70.96774193548382,72.00000000000006,-0.27380952380952384,91.6666666666667,84.21052631578947,87.87878787878789,80.64516129032259,79.1666666666666,59.999999999999964,59.999999999999964,45.00000000000011,-0.8809523809523809,4.12692077429655,35.289529228227956,37.863427139777414,31.245923026744936,39.77065935435624,38.33064616147834,3262.828571428571,0.0,0.0,0.0,0.0,0.0,0.0,96.55172413793105,96.66666666666666,89.28571428571428,89.99999999999999,86.36363636363637,86.36363636363637,89.99999999999999,72.72727272727275,-0.07142857142857142
VA,90.7692307692308,78.00000000000011,0.29999999999999716,85.6060606060606,77.27272727272727,74.52229299363057,75.1592356687898,-0.07999999999999989,100.0,39.99999999999986,45.46068174147824,36.77590201919896,39.507879458114445,-60.0,34.56000000000002,30.710285882699683,47.360631475086336,1719.9999999999998,3.985507246376807,0.0,34.92647058823528,28.675136116152444,2.2399999999999998,1.1423261915172713,62.09912536443147,62.5,64.24418604651166,69.64285714285714,62.99212598425197,73.49397590361446,67.05426356589146,1.6428571428571428,87.5,76.92307692307692,78.125,69.44444444444446,88.46153846153851,78.57142857142864,72.41379310344823,64.51612903225809,0.0,82.97872340425539,79.99999999999999,71.11111111111113,74.35897435897436,63.88888888888893,73.52941176470588,77.41935483870978,72.00000000000006,0.42857142857142855,80.55555555555554,78.94736842105266,72.72727272727275,74.1935483870968,70.8333333333334,80.00000000000007,94.99999999999993,85.00000000000014,0.9761904761904762,14.388345639592902,44.103881802330925,42.16046145778709,34.08480104370515,17.98329801819769,17.095373930298898,215.74285714285716,0.5494505494505495,0.4705882352941177,0.8113590263691683,0.8064516129032258,0.8,0.08000000000000002,79.3103448275862,80.0,82.14285714285717,80.00000000000003,77.2727272727273,81.81818181818184,80.00000000000003,86.36363636363637,0.8214285714285714
WA,0.0,22.00000000000024,9.299999999999997,22.72727272727273,20.77922077922078,21.656050955414013,19.108280254777068,-0.19,47.16981132075472,53.33333333333332,50.35437057036787,39.49023502151607,36.10727121924246,-1400.0,53.94666666666667,45.94753905098734,51.87469166255552,-1000.0,13.405797101449268,49.55489614243325,54.41176470588235,52.813067150635206,4.840000000000001,1.820069960647136,60.058309037900834,47.321428571428605,50.58139534883719,57.738095238095234,53.28083989501311,59.337349397590366,50.0,1.3107142857142862,79.99999999999999,69.23076923076925,59.375,55.555555555555536,73.07692307692318,67.85714285714289,55.17241379310338,51.61290322580649,-0.08333333333333333,85.10638297872345,74.00000000000003,77.77777777777777,71.79487179487181,69.44444444444446,70.58823529411767,74.1935483870968,67.99999999999997,0.27380952380952384,86.11111111111107,76.31578947368425,69.69696969696972,67.741935483871,70.8333333333334,69.99999999999993,65.00000000000003,50.0,-0.08333333333333333,45.37816803033328,41.90144076351289,52.17910621686184,43.19373776908022,27.396235822011718,67.94245318119808,1333.1714285714286,0.0,0.0,0.6085192697768762,0.8064516129032258,1.0,0.13999999999999999,58.62068965517242,59.999999999999986,50.0,56.666666666666686,40.90909090909092,50.00000000000004,39.99999999999999,81.81818181818184,1.1785714285714286
WV,85.38461538461534,76.00000000000016,0.9000000000000057,10.606060606060607,9.740259740259742,11.464968152866241,11.464968152866243,-0.06000000000000005,56.60377358490566,19.99999999999993,9.011137360783007,12.843429328037082,12.773016311860651,504.99999999999994,17.733333333333334,17.359269083407014,13.788850518006912,-1929.9999999999998,32.6086956521739,48.96142433234421,36.02941176470588,36.116152450090745,-0.48999999999999916,0.3060778312199388,69.97084548104955,63.39285714285716,60.17441860465114,61.011904761904724,50.918635170603665,62.65060240963851,54.26356589147288,0.6071428571428567,59.999999999999964,46.15384615384617,40.625,36.11111111111107,34.61538461538467,32.14285714285712,34.482758620689594,29.032258064516192,0.0,51.06382978723403,44.00000000000004,35.555555555555515,33.33333333333339,25.0,23.529411764705888,22.58064516129039,12.0000000000001,0.47619047619047616,55.555555555555536,57.89473684210531,42.42424242424239,41.9354838709677,33.33333333333339,19.99999999999993,34.999999999999964,5.000000000000071,0.09523809523809523,12.109359409299547,7.054693952463975,25.881256190642652,21.716894977168955,1.8222609996260797,5.226342552399843,548.0571428571429,0.0,0.0,0.0,0.0,0.0,0.0,65.51724137931036,66.66666666666667,67.85714285714289,80.00000000000003,81.81818181818184,95.45454545454545,89.99999999999999,95.45454545454545,1.9404761904761905
WI,93.0769230769231,76.00000000000016,-0.09999999999999432,45.45454545454545,37.01298701298701,37.57961783439491,37.57961783439491,-0.21999999999999992,83.01886792452831,56.66666666666664,37.19203509956126,29.162528963919243,24.24661321537185,-1595.0,47.30666666666667,36.162687886825815,44.647261963492845,-1220.0,49.63768115942029,59.940652818991104,47.79411764705882,39.01996370235935,-1.15,2.5196764320069964,99.99999999999997,100.0,99.99999999999997,99.10714285714282,87.92650918635172,98.49397590361446,98.83720930232558,0.721428571428572,75.0,66.6666666666667,56.25,55.555555555555536,57.692307692307665,57.14285714285712,44.82758620689653,51.61290322580649,-0.15476190476190477,85.10638297872345,75.99999999999997,75.55555555555556,74.35897435897436,66.6666666666666,76.47058823529412,70.96774193548382,80.00000000000007,0.4880952380952381,83.3333333333333,78.94736842105266,75.75757575757578,74.1935483870968,66.6666666666666,59.999999999999964,54.99999999999989,60.00000000000014,-0.19047619047619047,27.05847136300139,48.60282646599982,52.65979141175785,37.89171559034572,16.649632307117045,14.582661540369578,-1111.2,19.78021978021978,21.64705882352941,21.29817444219067,20.766129032258064,20.6,1.4500000000000004,96.55172413793105,96.66666666666666,92.85714285714289,93.33333333333336,86.36363636363637,86.36363636363637,89.99999999999999,95.45454545454545,0.2976190476190476
WY,73.07692307692308,50.0,1.1999999999999886,18.181818181818183,9.740259740259742,20.38216560509554,21.019108280254777,0.22999999999999993,77.35849056603774,50.0,54.80931488356396,57.96094008606423,41.55377384572849,-1075.0,59.06666666666667,50.722074860005904,47.90330537740503,-2765.0,10.507246376811597,24.03560830860534,23.529411764705866,24.13793103448275,-0.48000000000000187,0.33340620900743334,62.97376093294458,59.52380952380953,54.941860465116285,66.9642857142857,56.95538057742782,62.34939759036144,58.1395348837209,1.2035714285714292,79.99999999999999,71.79487179487181,65.625,63.88888888888884,76.923076923077,75.0,68.96551724137927,74.1935483870968,0.6547619047619048,78.72340425531918,78.00000000000003,71.11111111111113,71.79487179487181,63.88888888888893,70.58823529411767,74.1935483870968,67.99999999999997,0.4880952380952381,88.88888888888893,78.94736842105266,69.69696969696972,70.9677419354839,75.0,80.00000000000007,94.99999999999993,80.00000000000007,0.7023809523809523,27.096387946517673,31.304487473616593,22.03577463147468,51.90867579908676,34.161784868503055,32.35520277812229,1611.9142857142856,0.0,1.8823529411764708,2.636916835699797,2.82258064516129,2.8,0.33999999999999997,72.41379310344831,66.66666666666667,53.571428571428605,60.00000000000001,45.45454545454546,50.00000000000004,74.99999999999996,59.09090909090913,0.6904761904761905
