,2007 Average Daily Attendance %,2011 Average Daily Attendance %,2004 Students Enrolled in Gifted Programs %,2006 Students Enrolled in Gifted Programs %,2011 Students Enrolled in Gifted Programs %,2013 Students Enrolled in Gifted Programs %,2018 Percentage of HS Drop Outs Age 16-24,2019 8th Grade Reading Scores,2007 Average Base Teacher Salary w/ Bachelors,2011 Average Base Teacher Salary w/ Bachelors,2017 Average Base Teacher Salary w/ Bachelors,2007 Average Base Teacher Salary w/ Masters Constant Dollars,2011 Average Base Teacher Salary w/ Masters Constant Dollars,2017 Average Base Teacher Salary w/ Masters Constant Dollars,2005 Teacher Percentage of School Staff,2010 Teacher Percentage of School Staff,2015 Teacher Percentage of School Staff,2018 Teacher Percentage of School Staff,2018 Number of Education Agencies,2006 Average Freshman Graduation Rate,2007 Average Freshman Graduation Rate,2008 Average Freshman Graduation Rate,2009 Average Freshman Graduation Rate,2010 Average Freshman Graduation Rate,2011 Average Freshman Graduation Rate,2012 Average Freshman Graduation Rate,2005 4th Grade Reading Scores,2007 4th Grade Reading Scores,2009 4th Grade Reading Scores,2011 4th Grade Reading Scores,2013 4th Grade Reading Scores,2015 4th Grade Reading Scores,2017 4th Grade Reading Scores,2019 4th Grade Reading Scores,2005 8th Grade Math Scores,2007 8th Grade Math Scores,2009 8th Grade Math Scores,2011 8th Grade Math Scores,2013 8th Grade Math Scores,2015 8th Grade Math Scores,2017 8th Grade Math Scores,2019 8th Grade Math Scores,2005 4th Grade Math Scores,2007 4th Grade Math Scores,2009 4th Grade Math Scores,2011 4th Grade Math Scores,2013 4th Grade Math Scores,2015 4th Grade Math Scores,2017 4th Grade Math Scores,2019 4th Grade Math Scores,1979 Overall Average Teacher Salary,1989 Overall Average Teacher Salary,1999 Overall Average Teacher Salary,2009 Overall Average Teacher Salary,2017 Overall Average Teacher Salary,2018 Overall Average Teacher Salary,2000 % of Public Schools That Are Charters,2010 % of Public Schools That Are Charters,2016 % of Public Schools That Are Charters,2017 % of Public Schools That Are Charters,2018 % of Public Schools That Are Charters,2010 Adjusted Cohort Graduation Rate,2011 Adjusted Cohort Graduation Rate,2012 Adjusted Cohort Graduation Rate,2013 Adjusted Cohort Graduation Rate,2014 Adjusted Cohort Graduation Rate,2015 Adjusted Cohort Graduation Rate,2016 Adjusted Cohort Graduation Rate,2017 Adjusted Cohort Graduation Rate
United States,93.1,93.9,,,,,5.8,262,52220,51580,50920,64360,57630,64430,51.3,50.0,49.4,48.3,18297,73.9,74.7,75.5,78.2,79.6,80.8,81.9,217.0,220.0,220.0,220.0,221.0,221.0,221.0,219.0,278.0,280.0,282.0,283.0,284.0,281.0,282.0,281.0,237.0,239.0,239.0,240.0,241.0,240.0,239.0,240.0,52100,62566,62545,64703,61730,61730,2.1,5.3,7.1,7.3,7.5,79,80,81,82.0,83.0,84.0,85.0,85.0
Alabama,93.8,94.4,4.8,5.5,8.4,8.4,6.7,253,46910,45640,44240,53880,51170,52150,55.7,51.9,56.9,55.1,176,67.1,69.0,69.9,71.8,76.1,75.1,74.2,208.0,216.0,216.0,220.0,219.0,217.0,216.0,212.0,262.0,266.0,269.0,269.0,269.0,267.0,268.0,269.0,225.0,229.0,228.0,231.0,233.0,231.0,232.0,230.0,42607,49523,54888,55590,51616,50810,0.0,0.0,0.1,0.1,0.1,72,75,80,86.0,89.0,87.0,89.0,90.0
Alaska,89.9,91.4,4.1,4.1,4.7,4.9,5.3,252,62140,65440,63750,71500,57630,76130,44.1,45.1,46.1,44.7,54,69.0,69.1,72.6,75.5,77.9,78.6,79.9,211.0,214.0,211.0,208.0,209.0,213.0,207.0,204.0,279.0,283.0,283.0,283.0,282.0,280.0,277.0,274.0,236.0,237.0,237.0,236.0,236.0,236.0,230.0,232.0,88769,86074,69509,69730,71126,70277,3.7,5.3,5.5,5.7,5.5,68,70,72,71.0,76.0,76.0,78.0,79.0
Arizona,89.0,91.7,5.9,6.3,5.8,4.8,8.2,259,44120,41140,40280,47360,44010,47480,51.3,51.8,46.5,46.1,700,69.6,70.7,72.5,74.7,78.9,77.3,76.5,207.0,210.0,210.0,212.0,213.0,215.0,215.0,216.0,274.0,276.0,277.0,279.0,280.0,283.0,282.0,280.0,230.0,232.0,230.0,235.0,240.0,238.0,234.0,238.0,49112,58646,55207,54866,49733,49892,18.2,22.9,23.8,23.9,23.8,78,76,75,76.0,77.0,80.0,78.0,79.0
Arkansas,91.8,94.2,9.9,9.5,9.8,9.8,6.3,259,48120,46550,46070,52420,47000,51770,46.7,47.5,48.6,49.8,293,74.4,76.4,74.0,75.0,77.0,78.1,80.1,217.0,217.0,216.0,217.0,219.0,218.0,216.0,215.0,272.0,274.0,276.0,279.0,278.0,275.0,274.0,274.0,236.0,238.0,238.0,238.0,240.0,235.0,234.0,233.0,40124,44584,49947,54572,51591,51019,0.3,3.6,6.9,7.6,7.9,81,84,85,87.0,85.0,87.0,88.0,89.0
California,93.2,93.1,8.4,8.3,8.2,7.8,5.1,259,68130,69020,73730,75500,67690,81330,53.4,49.2,45.6,44.3,1156,70.7,71.2,71.0,78.2,79.7,81.7,83.6,207.0,209.0,210.0,211.0,213.0,213.0,215.0,216.0,269.0,270.0,270.0,273.0,276.0,275.0,277.0,276.0,230.0,230.0,232.0,234.0,234.0,232.0,232.0,235.0,58788,75792,71331,79699,82352,82282,3.4,9.0,12.1,12.3,13.0,76,79,80,81.0,82.0,83.0,83.0,83.0
Colorado,93.9,93.1,6.7,6.8,6.5,7.7,5.7,267,45570,45370,44650,58720,51320,57310,49.2,47.9,46.3,46.0,270,76.6,75.4,77.6,79.8,82.0,82.3,83.3,224.0,224.0,226.0,223.0,227.0,224.0,225.0,225.0,281.0,286.0,287.0,292.0,290.0,286.0,286.0,285.0,239.0,240.0,243.0,244.0,247.0,242.0,241.0,242.0,52867,61351,57093,57496,53793,53301,4.7,9.4,12.6,13.2,13.3,74,75,77,77.0,77.0,79.0,79.0,81.0
Connecticut,87.9,94.9,3.0,3.8,2.3,2.2,4.0,270,59460,59320,62470,74620,64920,75760,46.9,46.1,44.6,44.6,205,81.8,82.2,75.4,75.1,84.7,86.1,87.4,226.0,227.0,229.0,227.0,230.0,229.0,228.0,224.0,281.0,282.0,289.0,287.0,285.0,284.0,284.0,286.0,242.0,243.0,245.0,242.0,243.0,240.0,239.0,243.0,52945,80705,77465,75197,76061,76465,1.3,1.6,1.9,2.3,2.3,83,85,86,87.0,87.0,87.0,88.0,88.0
Delaware,89.8,93.5,4.6,5.6,2.0,2.3,5.7,260,54880,52310,50800,64250,57970,64900,51.7,54.2,52.4,50.8,46,71.9,72.1,73.7,75.5,76.1,77.1,77.0,226.0,225.0,226.0,225.0,226.0,224.0,221.0,218.0,281.0,283.0,284.0,283.0,282.0,280.0,278.0,277.0,240.0,242.0,239.0,240.0,243.0,239.0,236.0,239.0,52681,66575,66477,66701,63076,62308,3.7,8.9,11.8,10.6,10.2,78,80,80,87.0,86.0,86.0,87.0,87.0
District of Columbia,91.2,93.9,0,0,0.1,0.1,4.1,250,65770,51580,50920,64360,57630,64430,44.3,52.1,48.1,46.6,63,54.8,56.0,62.4,59.9,64.9,70.8,77.7,191.0,197.0,202.0,201.0,206.0,212.0,213.0,214.0,245.0,248.0,254.0,260.0,265.0,263.0,266.0,269.0,211.0,214.0,219.0,222.0,229.0,231.0,231.0,235.0,,,,,,,16.7,42.5,49.3,49.6,50.0,59,59,62,61.0,69.0,69.0,73.0,69.0
Florida,92.7,93.2,4.5,4.7,5.4,5.8,6.8,263,49810,51580,46250,64360,57630,50740,50.6,52.7,52.8,48.8,77,65.0,66.9,68.9,70.8,72.0,74.7,75.8,219.0,224.0,226.0,225.0,227.0,227.0,228.0,225.0,274.0,277.0,279.0,278.0,281.0,275.0,279.0,279.0,239.0,242.0,242.0,240.0,242.0,243.0,246.0,246.0,46159,57451,54938,54581,49166,48395,4.5,11.1,15.7,15.1,15.7,71,75,76,76.0,78.0,81.0,82.0,86.0
Georgia,93.3,94.3,8.9,9.3,10.4,12.9,6.8,262,49810,47290,45730,56430,51780,56250,49.6,49.5,50.4,50.0,232,64.1,65.4,67.8,69.9,69.6,69.6,70.5,214.0,219.0,218.0,221.0,222.0,222.0,220.0,218.0,272.0,275.0,278.0,278.0,279.0,279.0,281.0,279.0,234.0,235.0,236.0,238.0,240.0,236.0,236.0,238.0,45194,55862,61372,62065,57496,57137,1.5,2.7,3.7,4.0,3.7,67,70,72,73.0,79.0,79.0,81.0,82.0
Hawaii,90.7,93.9,5.7,6.2,1.4,3.0,4.1,258,54290,51580,52610,64360,57630,59000,53.3,52.5,52.0,52.3,1,75.4,76.0,75.3,75.4,73.7,77.9,78.0,210.0,213.0,211.0,214.0,215.0,215.0,216.0,218.0,266.0,269.0,274.0,278.0,281.0,279.0,277.0,275.0,230.0,234.0,236.0,239.0,243.0,238.0,238.0,239.0,64987,63922,60706,64344,59065,59757,2.3,10.7,11.7,12.3,12.3,80,81,82,82.0,82.0,83.0,83.0,85.0
Idaho,92.4,94.1,3.9,4.2,3.0,3.6,6.1,266,47690,43050,43650,51110,40420,53080,55.8,56.4,57.6,57.0,162,80.4,80.1,80.6,84.0,83.2,83.9,82.1,222.0,223.0,221.0,221.0,219.0,222.0,223.0,223.0,281.0,284.0,287.0,287.0,286.0,284.0,284.0,286.0,242.0,241.0,241.0,240.0,241.0,239.0,240.0,242.0,44404,47594,53180,54084,50245,50757,1.3,5.3,7.7,8.0,8.4,79,80,81,77.0,79.0,80.0,80.0,81.0
Illinois,94.0,94.1,5.4,5.8,3.5,6.8,4.9,265,51130,50810,50080,71970,63690,73120,53.2,61.6,49.9,50.6,1056,79.5,80.4,77.7,81.9,80.0,82.1,82.7,216.0,219.0,219.0,219.0,219.0,222.0,220.0,218.0,278.0,280.0,282.0,283.0,285.0,282.0,282.0,283.0,233.0,237.0,238.0,239.0,239.0,237.0,238.0,237.0,57421,65412,69545,72541,67083,66600,0.5,1.1,1.5,3.3,3.3,84,82,83,86.0,86.0,86.0,87.0,87.0
Indiana,95.7,95.9,7.1,7.9,12.6,12.1,7.3,266,46270,47750,44320,61610,50230,57660,45.5,41.9,40.2,42.6,427,73.9,74.1,75.2,77.2,79.9,80.0,81.0,218.0,222.0,223.0,221.0,225.0,227.0,226.0,222.0,282.0,285.0,287.0,285.0,288.0,287.0,288.0,286.0,240.0,245.0,243.0,244.0,249.0,248.0,247.0,245.0,50890,61638,62609,58412,51663,50937,0.0,3.1,4.8,5.2,5.4,86,86,87,88.0,87.0,87.0,84.0,88.0
Iowa,94.8,95.7,8.5,8.2,9.3,9.4,4.5,262,42160,45680,48280,55240,46670,58370,50.9,49.8,49.0,46.7,342,86.5,86.4,85.7,87.9,89.0,89.3,89.4,221.0,225.0,221.0,221.0,224.0,224.0,222.0,221.0,284.0,285.0,284.0,285.0,285.0,286.0,286.0,282.0,240.0,243.0,243.0,243.0,246.0,243.0,243.0,241.0,49598,53350,53376,57991,58200,58140,0.0,0.5,0.2,0.2,0.2,88,89,90,91.0,91.0,91.0,91.0,91.0
Kansas,95.4,94.9,3.3,3.0,2.9,2.7,5.6,263,44450,42420,42660,53360,46800,53610,51.3,51.1,54.6,51.3,317,78.8,79.0,80.2,84.5,86.5,88.3,88.4,220.0,225.0,224.0,224.0,223.0,221.0,223.0,219.0,284.0,290.0,289.0,290.0,290.0,284.0,285.0,282.0,246.0,248.0,245.0,246.0,246.0,241.0,241.0,239.0,44662,57334,52333,54522,50785,49800,0.1,1.8,0.8,0.8,0.7,83,85,86,86.0,86.0,86.0,87.0,87.0
Kentucky,93.1,93.2,13.0,14.6,12.7,15.8,6.2,263,42630,43230,40860,55740,51370,53330,43.3,42.4,42.9,42.8,186,76.4,74.4,77.6,79.9,80.9,81.9,83.1,220.0,222.0,226.0,225.0,224.0,228.0,224.0,221.0,274.0,279.0,279.0,282.0,281.0,278.0,278.0,278.0,231.0,235.0,239.0,241.0,241.0,242.0,239.0,239.0,47370,52443,54426,57894,54049,53434,0.0,0.0,0.0,0.0,0.0,79,80,86,88.0,88.0,89.0,90.0,90.0
Louisiana,90.3,92.8,3.9,3.4,3.0,4.2,8.8,257,47710,47900,44990,52070,50490,49390,48.2,48.2,54.3,48.8,201,61.3,63.5,67.3,68.8,71.2,71.9,72.7,209.0,207.0,207.0,210.0,210.0,216.0,212.0,210.0,268.0,272.0,272.0,273.0,273.0,268.0,267.0,272.0,230.0,230.0,229.0,231.0,231.0,234.0,229.0,231.0,44890,48469,49532,57146,51403,50923,1.2,5.3,10.8,10.8,11.4,71,72,74,75.0,78.0,79.0,78.0,81.0
Maine,90.3,94.2,3.0,3.2,4.6,4.9,4.0,265,46380,48650,48230,54410,46690,56880,47.3,47.3,42.2,41.4,271,78.5,79.1,79.9,82.8,85.7,86.7,87.5,225.0,226.0,224.0,222.0,225.0,224.0,221.0,221.0,281.0,286.0,286.0,289.0,289.0,285.0,284.0,282.0,241.0,242.0,244.0,244.0,246.0,242.0,240.0,241.0,42643,53618,53201,53878,54930,54974,0.1,0.0,1.5,1.8,2.0,84,85,86,87.0,88.0,87.0,87.0,87.0
Maryland,94.1,93.9,13.8,16.1,15.8,16.0,4.8,264,60630,51580,50920,64360,57630,64430,51.0,50.6,51.4,50.7,25,80.0,80.4,80.1,82.2,83.8,84.5,85.6,220.0,225.0,226.0,231.0,232.0,223.0,225.0,220.0,278.0,286.0,288.0,288.0,287.0,283.0,281.0,280.0,238.0,240.0,244.0,247.0,245.0,239.0,241.0,239.0,57281,72443,65898,74754,71070,70463,0.0,3.0,3.4,3.5,3.5,83,84,85,86.0,87.0,88.0,88.0,87.0
Massachusetts,94.6,93.5,0.8,0.7,0.7,0.5,3.8,273,60870,62720,59930,70580,63620,75030,53.0,56.3,56.1,55.1,432,80.8,81.5,83.3,82.6,85.4,86.5,88.4,231.0,236.0,234.0,237.0,232.0,235.0,236.0,231.0,292.0,298.0,299.0,299.0,301.0,297.0,297.0,294.0,247.0,252.0,252.0,253.0,253.0,251.0,249.0,247.0,56286,69238,69686,80950,82022,82042,2.2,3.4,4.2,4.3,4.4,83,85,85,86.0,87.0,88.0,88.0,88.0
Michigan,93.0,91.6,3.9,3.4,1.9,1.3,5.8,263,56750,52600,47500,71370,60430,65680,47.9,45.8,46.4,45.0,892,77.0,76.3,75.3,75.9,74.7,77.5,78.3,218.0,220.0,218.0,219.0,217.0,216.0,218.0,218.0,277.0,277.0,278.0,280.0,280.0,278.0,280.0,280.0,238.0,238.0,236.0,236.0,237.0,236.0,236.0,236.0,64148,73945,73372,67727,63194,61825,5.1,7.7,10.9,9.8,10.1,74,76,77,79.0,80.0,80.0,80.0,81.0
Minnesota,93.1,93.1,8.1,8.8,8.0,7.2,4.1,264,49960,50360,48300,63750,54400,70420,48.9,48.3,47.8,47.0,564,86.5,86.4,87.4,88.2,89.2,88.4,91.0,225.0,225.0,223.0,222.0,227.0,223.0,225.0,222.0,290.0,292.0,294.0,295.0,295.0,294.0,294.0,291.0,246.0,247.0,249.0,249.0,253.0,250.0,249.0,248.0,51911,64207,59545,61269,58979,58221,3.1,7.4,8.8,8.8,9.2,77,78,80,81.0,82.0,82.0,83.0,83.0
Mississippi,92.1,94.4,6.0,6.1,6.7,6.7,6.9,256,43790,40100,41090,47980,44650,47940,46.5,47.5,47.5,47.5,157,63.5,63.9,62.0,63.8,68.5,67.3,68.4,204.0,208.0,211.0,209.0,209.0,214.0,215.0,219.0,262.0,265.0,265.0,269.0,271.0,271.0,271.0,274.0,227.0,228.0,227.0,230.0,231.0,234.0,235.0,241.0,38659,48454,47659,53338,45857,45574,0.1,0.0,0.3,0.3,0.5,75,75,76,78.0,81.0,82.0,83.0,84.0
Missouri,94.8,95.1,3.8,3.6,4.0,4.2,5.9,263,41540,40780,39250,52840,47490,53320,52.1,52.0,52.5,54.7,566,81.9,82.4,83.1,83.7,84.7,85.9,86.6,221.0,221.0,224.0,220.0,222.0,223.0,223.0,218.0,276.0,281.0,286.0,282.0,283.0,281.0,281.0,281.0,235.0,239.0,241.0,240.0,240.0,239.0,240.0,238.0,44636,54042,53343,52956,50326,50064,0.9,2.2,3.0,2.8,2.9,81,84,86,87.0,88.0,89.0,88.0,89.0
Montana,91.3,93.9,5.6,5.2,4.2,3.8,6.4,265,42920,42820,42610,54600,45390,55780,52.9,53.8,48.8,49.4,485,81.5,82.0,82.0,81.9,83.7,85.7,84.7,225.0,227.0,225.0,225.0,223.0,225.0,222.0,222.0,286.0,287.0,292.0,293.0,289.0,287.0,286.0,284.0,241.0,244.0,244.0,244.0,244.0,241.0,241.0,241.0,47425,50027,48054,53472,53870,54034,0.0,0.0,0.0,0.0,0.0,82,84,84,85.0,86.0,86.0,86.0,86.0
Nebraska,94.9,94.8,11.4,11.4,11.8,12.0,4.7,264,40900,43030,41080,52600,50190,50150,51.9,49.1,49.3,49.2,279,86.3,83.8,82.9,83.8,89.8,92.7,93.3,221.0,223.0,223.0,223.0,223.0,227.0,224.0,222.0,284.0,284.0,284.0,283.0,285.0,286.0,288.0,285.0,238.0,238.0,239.0,240.0,243.0,244.0,246.0,244.0,44094,50907,49724,54019,55336,54506,0.0,0.0,0.0,0.0,0.0,86,88,89,90.0,89.0,89.0,89.0,89.0
Nevada,93.5,93.9,1.9,1.9,2.0,3.3,8.4,258,47920,50190,47140,58940,50820,58040,67.2,65.4,85.9,86.1,21,54.2,56.3,56.3,57.8,58.7,59.5,67.5,207.0,211.0,211.0,213.0,214.0,214.0,215.0,218.0,270.0,271.0,274.0,278.0,278.0,275.0,275.0,274.0,230.0,232.0,235.0,237.0,236.0,234.0,232.0,236.0,53160,61016,58929,60209,55405,54280,1.6,5.3,7.5,10.4,11.6,62,63,71,70.0,71.0,74.0,81.0,83.0
New Hampshire,92.2,91.1,2.3,2.6,1.4,1.2,3.9,268,52540,53780,52910,60490,52690,60440,48.5,46.6,46.2,45.3,305,81.7,83.3,84.3,86.3,86.6,87.0,87.3,227.0,229.0,229.0,230.0,232.0,232.0,229.0,224.0,285.0,288.0,292.0,292.0,296.0,294.0,293.0,287.0,246.0,249.0,251.0,252.0,253.0,249.0,245.0,245.0,42466,57816,56452,60114,59031,58146,0.0,2.9,6.3,6.3,7.3,86,86,87,88.0,88.0,88.0,89.0,89.0
New Jersey,94.6,93.5,6.9,7.0,6.5,5.9,3.8,270,65290,68020,68140,76690,66310,75330,53.2,54.4,48.6,48.3,681,84.4,84.6,85.3,87.2,86.6,86.4,89.1,223.0,231.0,229.0,231.0,229.0,229.0,233.0,227.0,284.0,289.0,293.0,294.0,296.0,293.0,292.0,292.0,244.0,249.0,247.0,248.0,247.0,245.0,248.0,246.0,55986,71160,77817,76108,71366,70212,2.2,2.9,3.4,3.4,3.4,83,86,88,89.0,90.0,90.0,91.0,91.0
New Mexico,91.9,92.8,10.7,4.0,4.6,4.5,8.9,252,47650,46140,43540,52710,49920,51260,45.9,48.2,57.8,56.7,151,59.1,66.8,64.8,67.3,70.7,74.3,71.6,207.0,212.0,208.0,208.0,206.0,207.0,208.0,208.0,263.0,268.0,270.0,274.0,273.0,271.0,269.0,269.0,224.0,228.0,230.0,233.0,233.0,231.0,230.0,231.0,48567,49379,48702,54055,48129,47826,1.3,9.4,11.4,11.0,11.0,63,70,70,69.0,69.0,71.0,71.0,74.0
New York,92.7,92.7,2.2,2.9,1.5,1.7,5.3,262,58040,67290,62190,81450,74350,81690,58.6,51.1,55.3,53.2,1011,68.9,70.9,73.5,76.0,77.6,77.1,78.5,223.0,224.0,224.0,222.0,224.0,223.0,222.0,220.0,280.0,280.0,283.0,280.0,282.0,280.0,282.0,280.0,238.0,243.0,241.0,238.0,240.0,237.0,236.0,237.0,64634,77641,76328,83708,85972,85889,0.9,3.6,5.6,5.8,6.1,77,77,77,78.0,79.0,80.0,82.0,82.0
North Carolina,92.6,94.7,10.9,10.8,10.6,10.0,6.0,263,44320,41910,42170,47060,43430,48300,52.5,51.0,52.1,51.7,314,68.6,72.8,75.1,76.9,76.8,78.7,80.5,217.0,218.0,219.0,221.0,222.0,226.0,224.0,221.0,282.0,284.0,284.0,286.0,286.0,281.0,282.0,284.0,241.0,242.0,244.0,245.0,245.0,244.0,241.0,241.0,46055,55616,58950,54747,52293,53975,4.1,3.9,6.4,6.5,7.0,78,80,83,84.0,86.0,86.0,87.0,86.0
North Dakota,95.9,95.2,3.1,2.8,3.3,2.3,4.0,263,41620,45040,47750,57980,47840,56970,52.9,51.8,51.1,50.1,225,83.1,83.8,87.4,88.4,90.2,91.1,91.4,225.0,226.0,226.0,226.0,224.0,225.0,222.0,221.0,287.0,292.0,293.0,292.0,291.0,288.0,288.0,286.0,243.0,245.0,245.0,245.0,246.0,245.0,244.0,243.0,43269,45908,44676,50206,53945,53434,0.0,0.0,0.0,0.0,0.0,86,87,88,87.0,87.0,88.0,87.0,88.0
Ohio,91.8,93.8,7.4,7.3,3.7,4.3,5.7,267,49850,51270,49500,63910,54680,63700,49.4,45.3,31.5,31.0,1064,78.7,79.0,79.6,81.4,82.3,83.9,84.9,223.0,226.0,225.0,224.0,224.0,225.0,225.0,222.0,283.0,285.0,286.0,289.0,290.0,285.0,288.0,286.0,242.0,245.0,244.0,244.0,246.0,244.0,241.0,241.0,49813,62268,61990,65390,59202,57799,1.7,9.0,10.1,9.4,8.9,80,81,82,82.0,81.0,84.0,84.0,82.0
Oklahoma,92.1,94.4,14.0,13.7,13.9,13.7,7.8,258,42920,40840,37560,43950,57630,41150,51.1,50.2,49.4,49.0,595,77.8,78.0,77.3,78.5,79.9,79.3,79.4,214.0,217.0,217.0,215.0,217.0,222.0,217.0,216.0,271.0,275.0,276.0,279.0,276.0,275.0,275.0,276.0,234.0,237.0,237.0,237.0,239.0,240.0,237.0,237.0,42760,46016,46823,55730,47259,52412,0.3,1.0,2.7,3.2,3.4,79,80,85,83.0,83.0,82.0,83.0,82.0
Oregon,94.4,94.2,7.1,6.9,6.8,6.5,6.6,264,56140,57050,55800,57340,54190,59990,47.0,44.2,44.1,42.6,222,73.8,76.7,76.5,76.3,78.1,78.0,76.8,217.0,215.0,218.0,216.0,219.0,220.0,218.0,218.0,282.0,284.0,285.0,283.0,284.0,283.0,282.0,280.0,238.0,236.0,238.0,237.0,240.0,238.0,233.0,236.0,53066,61514,63336,64533,64368,64385,0.9,8.3,10.0,10.2,10.5,68,68,69,72.0,74.0,75.0,77.0,79.0
Pennsylvania,94.9,94.4,4.8,4.5,3.8,3.7,5.4,264,57160,60330,58260,69730,60750,70260,50.9,48.7,50.0,49.5,788,83.0,82.7,80.5,84.1,85.8,88.3,88.4,223.0,226.0,224.0,227.0,226.0,227.0,225.0,223.0,281.0,286.0,288.0,286.0,290.0,284.0,286.0,285.0,241.0,244.0,244.0,246.0,244.0,243.0,242.0,244.0,53878,66497,72290,69127,68935,68141,2.0,4.5,6.0,6.0,6.1,83,84,86,85.0,85.0,86.0,87.0,86.0
Rhode Island,93.7,94.6,1.8,1.4,0.5,0.3,4.5,262,67800,51580,68830,64360,57630,75380,58.4,60.2,54.6,52.4,63,78.4,76.4,75.3,76.4,76.6,77.1,79.0,216.0,219.0,223.0,222.0,223.0,225.0,223.0,220.0,272.0,275.0,278.0,283.0,284.0,281.0,277.0,276.0,233.0,236.0,239.0,242.0,241.0,238.0,238.0,239.0,58729,71920,70375,69747,68141,67040,0.9,5.0,9.5,9.8,10.9,77,77,80,81.0,83.0,83.0,84.0,84.0
South Carolina,94.9,95.6,12.7,11.0,12.0,13.4,6.3,259,44440,43830,40730,52050,45800,50120,70.9,69.0,64.3,58.6,101,58.9,62.2,66.0,68.2,69.0,71.6,74.2,213.0,214.0,216.0,215.0,214.0,218.0,213.0,216.0,281.0,282.0,280.0,281.0,280.0,276.0,275.0,276.0,238.0,237.0,236.0,237.0,237.0,237.0,234.0,237.0,42616,54288,53979,55516,51222,50395,0.7,3.6,5.6,5.6,6.2,74,75,78,80.0,80.0,83.0,84.0,81.0
South Dakota,93.6,96.1,2.2,2.7,2.0,2.0,6.6,263,38500,38810,43570,46440,57630,50420,48.0,48.7,49.3,49.8,166,82.5,84.4,81.7,81.8,81.6,83.1,83.8,222.0,223.0,222.0,220.0,218.0,220.0,222.0,222.0,287.0,288.0,291.0,291.0,287.0,285.0,286.0,287.0,242.0,241.0,242.0,241.0,241.0,240.0,242.0,241.0,40284,42486,43491,45383,48618,48786,0.0,0.0,0.0,0.0,0.0,83,83,83,83.0,84.0,84.0,84.0,84.0
Tennessee,94.9,94.6,3.3,1.7,2.5,1.6,5.2,262,44770,43870,45060,49580,45130,51970,52.2,51.9,51.8,48.0,147,72.6,74.9,77.4,80.4,81.1,83.6,82.4,214.0,216.0,217.0,215.0,220.0,219.0,219.0,219.0,271.0,274.0,275.0,274.0,278.0,278.0,279.0,280.0,232.0,233.0,232.0,233.0,240.0,241.0,237.0,240.0,45582,53959,54348,54093,51955,51714,0.0,1.6,5.9,6.2,6.2,86,87,86,87.0,88.0,89.0,90.0,90.0
Texas,94.1,95.2,8.0,7.6,7.7,7.6,6.7,256,51310,52110,52380,54970,51570,55200,50.5,50.3,50.3,49.8,1225,71.9,73.1,75.4,78.9,81.4,83.0,83.6,219.0,220.0,219.0,218.0,217.0,218.0,215.0,216.0,281.0,286.0,287.0,290.0,288.0,284.0,282.0,280.0,242.0,242.0,240.0,241.0,242.0,244.0,241.0,244.0,46104,54844,56202,56396,54439,54155,2.7,6.4,8.5,8.5,9.0,86,88,88,88.0,89.0,89.0,90.0,90.0
Utah,91.4,93.3,4.6,5.0,3.9,4.7,5.2,267,46150,44230,45880,54250,46860,56010,50.2,49.1,50.5,49.7,160,76.6,74.3,79.4,78.6,78.5,77.6,81.6,221.0,221.0,219.0,220.0,223.0,226.0,225.0,225.0,279.0,281.0,284.0,283.0,284.0,286.0,287.0,285.0,239.0,239.0,240.0,243.0,243.0,243.0,242.0,244.0,48639,47245,52281,53619,50684,50342,1.0,7.7,12.0,12.5,12.6,76,80,83,84.0,85.0,85.0,86.0,87.0
Vermont,92.7,94.0,0.8,0.8,0.3,0.4,4.0,268,51960,53690,49410,62530,55450,63500,46.5,45.3,45.9,45.6,298,88.5,89.3,89.6,91.4,92.7,91.9,89.3,227.0,228.0,229.0,227.0,228.0,230.0,226.0,222.0,287.0,291.0,293.0,294.0,295.0,290.0,288.0,287.0,244.0,246.0,248.0,247.0,248.0,243.0,241.0,239.0,40727,57868,56488,57358,61811,61027,0.0,0.0,0.0,0.0,0.0,87,88,87,88.0,88.0,88.0,89.0,85.0
Virginia,94.7,95.0,12.1,12.6,11.8,12.1,3.6,262,51970,49920,51850,56910,50840,60350,44.4,35.3,50.5,46.8,210,75.5,77.0,78.4,81.2,82.7,83.9,84.8,226.0,227.0,227.0,226.0,229.0,229.0,228.0,224.0,284.0,288.0,286.0,289.0,288.0,288.0,290.0,287.0,240.0,244.0,243.0,245.0,246.0,247.0,248.0,247.0,45869,61710,57963,58446,53071,52466,0.1,0.2,0.4,0.4,0.4,82,83,85,85.0,86.0,87.0,87.0,88.0
Washington,82.9,92.2,3.8,3.9,3.5,3.3,6.4,266,53420,50740,50620,64180,56010,62180,47.0,52.0,61.1,60.1,334,74.8,71.9,73.7,77.2,79.0,79.2,80.4,223.0,224.0,221.0,221.0,225.0,226.0,223.0,220.0,285.0,285.0,289.0,288.0,290.0,287.0,289.0,286.0,242.0,243.0,242.0,243.0,246.0,245.0,242.0,240.0,61398,60750,61402,61937,56847,72965,0.0,0.0,0.3,0.4,0.5,76,77,76,78.0,78.0,80.0,79.0,87.0
West Virginia,94.0,94.9,2.2,2.2,1.9,2.1,5.9,256,41170,42690,42180,50600,46310,46740,52.3,51.8,51.1,50.9,57,78.2,77.3,77.0,78.3,78.1,80.3,81.5,215.0,215.0,215.0,214.0,215.0,216.0,217.0,213.0,269.0,270.0,270.0,273.0,274.0,271.0,273.0,272.0,231.0,236.0,233.0,235.0,237.0,235.0,236.0,231.0,44727,45561,52375,53706,46588,47681,0.0,0.0,0.0,0.0,0.0,78,79,81,85.0,87.0,90.0,89.0,90.0
Wisconsin,95.0,94.9,6.8,6.4,6.0,6.2,4.5,267,49520,47620,46330,61690,52690,59250,57.0,55.5,57.5,52.5,462,88.5,89.6,90.7,91.1,92.2,92.2,93.0,221.0,223.0,220.0,221.0,221.0,223.0,220.0,220.0,285.0,286.0,288.0,289.0,289.0,289.0,288.0,289.0,241.0,244.0,244.0,245.0,245.0,243.0,240.0,242.0,52218,63671,61567,59905,52536,51453,3.6,9.2,10.5,10.3,10.3,87,88,88,89.0,88.0,88.0,89.0,90.0
Wyoming,92.4,93.6,3.2,2.2,3.3,3.6,4.8,265,54740,56320,52590,66100,57630,60570,46.2,43.4,44.3,44.3,62,75.8,76.0,75.2,80.3,80.4,80.2,82.5,223.0,225.0,223.0,224.0,226.0,228.0,227.0,227.0,282.0,287.0,286.0,288.0,288.0,287.0,289.0,286.0,243.0,244.0,242.0,244.0,247.0,247.0,248.0,246.0,52237,56131,51055,65277,59561,58618,0.0,0.8,1.3,1.4,1.4,80,79,77,79.0,79.0,80.0,86.0,82.0
